category,question,answer
常見問答集,Q01.子女從姓及改姓有那些規定？又應如何辦理登記？,一、配合民法96年5月23日修正公布，戶政事務所辦理新生兒辦理出生登記時從姓之處理原則：父母已約定子女從父姓或母姓者，提憑父母約定書辦理。父母約定不成者，由申請人於戶政事務所抽籤決定該子女依父姓或母姓登 記。逾期未辦理出生登記，經催告仍未申請者，由戶政事務所抽籤決定該子女依 父姓或母姓登記。非婚生子女，依母姓登記。無依兒童且父母身分不明者，依監護人之姓氏登記。經戶政事務所抽籤決定姓氏者或無依兒童依監護人之姓氏登記者，嗣後變更 姓氏，不計入民法第1059條第4項次數之計算。新生兒出生前或出生登記前，父母一方死亡，由生存之一方單方決定子女姓 氏，又父母均死亡，由監護人決定該子女從父姓或從母姓，心神喪失或精神耗弱者，比照辦理。申請人抽籤後不辦理出生登記，於逕為出生登記前，得再抽籤決定。另父母 一方行方不明、雙方不往來或拒絕約定子女姓氏，得依約定不成之情形，由申請人抽籤決定新生兒依父姓或母姓登記。父母已約定子女從父姓或母姓者，提憑父母約定書辦理。父母約定不成者，由申請人於戶政事務所抽籤決定該子女依父姓或母姓登 記。逾期未辦理出生登記，經催告仍未申請者，由戶政事務所抽籤決定該子女依 父姓或母姓登記。非婚生子女，依母姓登記。無依兒童且父母身分不明者，依監護人之姓氏登記。經戶政事務所抽籤決定姓氏者或無依兒童依監護人之姓氏登記者，嗣後變更 姓氏，不計入民法第1059條第4項次數之計算。新生兒出生前或出生登記前，父母一方死亡，由生存之一方單方決定子女姓 氏，又父母均死亡，由監護人決定該子女從父姓或從母姓，心神喪失或精神耗弱者，比照辦理。申請人抽籤後不辦理出生登記，於逕為出生登記前，得再抽籤決定。另父母 一方行方不明、雙方不往來或拒絕約定子女姓氏，得依約定不成之情形，由申請人抽籤決定新生兒依父姓或母姓登記。二、子女經出生登記後，申請改姓相關規定：未成年前，得由父母以書面約定，變更為父姓或母姓；成年後，得自行申請 變更為父姓或母姓。父母離婚、一方死亡、生死不明滿3年或顯有未盡保護或教養義務之情事 者，為子女之利益，得請求法院宣告變更子女之姓氏為父姓或母姓。父母變更姓氏後，已從其姓之直系血親卑親屬應隨同改姓。未成年前，得由父母以書面約定，變更為父姓或母姓；成年後，得自行申請 變更為父姓或母姓。父母離婚、一方死亡、生死不明滿3年或顯有未盡保護或教養義務之情事 者，為子女之利益，得請求法院宣告變更子女之姓氏為父姓或母姓。父母變更姓氏後，已從其姓之直系血親卑親屬應隨同改姓。三、被認領、收養者申請改姓相關規定：非婚生子女從母姓。經生父認領者，得依民法第1059條第2項至第4項 規定，未成年前，得由父母以書面約定，變更為父姓或母姓；成年後，得自行申請變更為父姓或母姓。非婚生子女經生父認領已從母姓辦理出生登記者，嗣後生父母結婚，得由父 母書面約定或由成年之當事人自行決定是否變更姓氏。收養關係成立於96年5月23日民法親屬編修正公布前，其養子女之從 姓，自應依當時民法第1078條規定，養子女從收養者之姓；有配偶者收養子女時，養子女之姓適用第1059條之規定。有關夫妻之一方收養他方之子女時，養子女之姓氏變更，應視被收養者年齡 而定，如被收養者年齡為未滿7歲或滿7歲以上之未成年人被收養時，依民法第1076 條之2規定，應由其法定代理人代為並代受意思表示或同意。準此，未成年養子女之姓氏變更，應由收養者約定；如成年子女被收養時，養子女之姓氏變更，應由收養者與被收養者約定，從養父姓、養母姓或維持原來之姓，不必得其生父母之同意。養子女被收養時，得與養父母書面約定維持原姓、從養父姓、或從養母姓。 養子女未成年前得由養父母以書面約定變更姓氏；於成年後得自行申請變更姓氏，養子女被收養後姓氏之變更，不受被收養前變更姓氏次數之限制。非婚生子女從母姓。經生父認領者，得依民法第1059條第2項至第4項 規定，未成年前，得由父母以書面約定，變更為父姓或母姓；成年後，得自行申請變更為父姓或母姓。非婚生子女經生父認領已從母姓辦理出生登記者，嗣後生父母結婚，得由父 母書面約定或由成年之當事人自行決定是否變更姓氏。收養關係成立於96年5月23日民法親屬編修正公布前，其養子女之從 姓，自應依當時民法第1078條規定，養子女從收養者之姓；有配偶者收養子女時，養子女之姓適用第1059條之規定。有關夫妻之一方收養他方之子女時，養子女之姓氏變更，應視被收養者年齡 而定，如被收養者年齡為未滿7歲或滿7歲以上之未成年人被收養時，依民法第1076 條之2規定，應由其法定代理人代為並代受意思表示或同意。準此，未成年養子女之姓氏變更，應由收養者約定；如成年子女被收養時，養子女之姓氏變更，應由收養者與被收養者約定，從養父姓、養母姓或維持原來之姓，不必得其生父母之同意。養子女被收養時，得與養父母書面約定維持原姓、從養父姓、或從養母姓。 養子女未成年前得由養父母以書面約定變更姓氏；於成年後得自行申請變更姓氏，養子女被收養後姓氏之變更，不受被收養前變更姓氏次數之限制。
常見問答集,Q02.改名有那些規定？又應如何辦理登記？,一、姓名符合下列情形之一者，當事人可向全國任一戶政事務所申請改名：同時在一公民營事業機構、機關(購)、團體或學校服務或肄業，姓名完全相同。與三親等以內直系尊親屬名字完全相同。同時在一直轄市、縣(市)設立戶籍6個月以上，姓名完全相同。與經通緝有案之人犯姓名完全相同。被認領、撤銷認領、被收養、撤銷收養或終止收養。字義粗俗不雅、音譯過長或有特殊原因。以此款事由申請改名，以3次為限。但未成年人第2次改名，應於成年後始得為之。同時在一公民營事業機構、機關(購)、團體或學校服務或肄業，姓名完全相同。與三親等以內直系尊親屬名字完全相同。同時在一直轄市、縣(市)設立戶籍6個月以上，姓名完全相同。與經通緝有案之人犯姓名完全相同。被認領、撤銷認領、被收養、撤銷收養或終止收養。字義粗俗不雅、音譯過長或有特殊原因。以此款事由申請改名，以3次為限。但未成年人第2次改名，應於成年後始得為之。二、改名須由本人或法定代理人親自申請（未成年人由法定代理人單方申請，須另附他方之同意書），備妥當事人國民身分證（未領證者以戶口名簿代替）、戶口名簿、申請人國民身分證、印章、改名證明文件、規費新臺幣 50 元及相片 1 張或數位相片（須換領國民身分證時），得免繳交相片或數位相片之情形，請參照國民身分證及戶口名簿製發相片影像檔建置管理辦法第14條規定。※ 國民身分證相片規格可至 內政部戶政司全球資訊網-國民身分證相片規格 查詢。※ 繳交數位相片者請至 內政部戶政司全球資訊網→網路申辦服務→國民身分證→國民身分證影像上傳 上傳數位相片。
常見問答集,Q03.如何辦理認領登記？,認領登記，以認領人為申請人，認領人不為申請時，以被認領人為申請人，並準備下列文件至任一戶政事務所辦理：認領書、法院判決書及判決確定證明書或相關文件。認領人戶口名簿、國民身分證、印章（或簽名）。申請認領同時改從父姓者，應提子女從姓約定書。規費新臺幣50元及相片1張或數位相片（須換領國民身分證時），相片規格請參照 內政部戶政司全球資訊網-國民身分證相片規格，換領得免繳交相片或數位相片之情形，請參照國民身分證及戶口名簿製發相片影像檔建置管理辦法第14條規定※ 繳交數位相片者請至 內政部戶政司全球資訊網→網路申辦服務→國民身分證→國民身分證影像上傳 上傳數位相片。認領書、法院判決書及判決確定證明書或相關文件。認領人戶口名簿、國民身分證、印章（或簽名）。申請認領同時改從父姓者，應提子女從姓約定書。規費新臺幣50元及相片1張或數位相片（須換領國民身分證時），相片規格請參照 內政部戶政司全球資訊網-國民身分證相片規格，換領得免繳交相片或數位相片之情形，請參照國民身分證及戶口名簿製發相片影像檔建置管理辦法第14條規定※ 繳交數位相片者請至 內政部戶政司全球資訊網→網路申辦服務→國民身分證→國民身分證影像上傳 上傳數位相片。
常見問答集,Q04.承租人已搬走但戶籍未遷出，可否將其戶籍遷出？,一、按行政法院56年判字第60號判例：「遷徙係事實行為，遷徙登記自應依事實認定之。」次按戶籍法第16條第1項前段規定：「遷出原鄉（鎮、市、區）3個月以上，應為遷出登記。但因服兵役、國內就學或入矯正機關收容者，得不為遷出登記。」同法第17條第1項前段規定：「由他鄉（鎮、市、區）遷入3個月以上，應為遷入登記。」同法第18條規定：「同一鄉（鎮、市、區）內變更住址3個月以上，應為住址變更登記。」又同法第50條第1項規定：「全戶遷離戶籍地，未於法定期間申請遷徙登記，無法催告，經房屋所有權人、管理機關、地方自治機關申請或無人申請時，戶政事務所得將其全戶戶籍暫遷至該戶政事務所。」如承租人已全戶遷離戶籍地，去向不明，無法催告，房屋所有權人可依上揭規定向戶籍地戶政事務所申請將其戶籍暫遷至戶政事務所地址。二、如該承租人非單獨立戶，而係遷入他人戶內之人口，可查知其現住地址者，得由戶長向戶政事務所申請催告其辦理遷徙登記，逾期不辦理時，戶政事務所得逕為登記。惟如無法查知現住地者，則戶政事務所無從催告，亦無法辦理其戶籍遷出。三、按戶籍法第79條規定：「無正當理由，違反第48條第1項規定，未於法定期間為戶籍登記之申請者，處新臺幣300元以上 900元以下罰鍰；經催告而仍不為申請者，處新臺幣900元罰鍰。」承租人如未依上開規定辦理遷徙登記，戶政事務所得依戶籍法第79條規定處以罰鍰。
常見問答集,Q05.如何辦理初設戶籍登記？,一、申請人:（一）當事人為未成年人：由法定代理人（父母雙方）、戶長。（二）當事人為成年人：本人。（三）利害關係人：無前列（一）、（二）之申請人時，得以利害關係人身分申請。（一）當事人為未成年人：由法定代理人（父母雙方）、戶長。（二）當事人為成年人：本人。（三）利害關係人：無前列（一）、（二）之申請人時，得以利害關係人身分申請。二、應備文件：（一）當事人為未成年人：由法定代理人(父母雙方)或戶長攜帶下列證件辦 理：申請人國民身分證、印章（或簽名）。內政部移民署核發之定居證。現住地戶口名簿。最近2年內拍攝之符合規格相片1張或數位相片（國民身分證相片規格可至 內政部戶政司全球資訊網-國民身分證相片規格 查詢，繳交數位相片者請至 內政部戶政司全球資訊網→網路申辦服務→國民身分證→國民身分證影像上傳 上傳數位相片），須核對本人人貌。（未滿14歲者得免申請國民身分證）父母一方辦理時，須另檢附他方之同意書或授權書（國外作成須經駐外館處驗證，大陸地區作成應經海基會驗證）。（二）當事人為成年人：由本人攜帶下列證件辦理：單獨成立一戶：（1）內政部移民署核發之定居證、印章（或簽名）。 （2）單獨立戶證明文件（單獨立戶之證明文件可至 內政部戶政司全球資訊網→法規與申辦須知→戶政業務申辦須知→設籍及遷徙登記→ 初設戶籍登記 查詢）（3）最近2年內拍攝之符合規格相片1張或數位相片（國民身分證相片規格可至內政部戶政司全球資訊網https://www.ris.gov.tw/app/portal/187查詢，繳交數位相片者請至內政部戶政司全球資訊網-網路申辦-國民身分證影像上傳https://www.ris.gov.tw/app/portal/765上傳數位相片）設戶籍於他人戶內：（1）內政部移民署核發之定居證、印章（或簽名）。 （2）現住地戶口名簿。（3）最近2年內拍攝之符合規格相片1張或數位相片（國民身分證相片規格可至 內政部戶政司全球資訊網-國民身分證相片規格 查詢，繳交數位相片者請至 內政部戶政司全球資訊網→網路申辦服務→國民身分證→國民身分證影像上傳 上傳數位相片）以利害關係人身分申請者，應附繳利害關係證明文件。（一）當事人為未成年人：由法定代理人(父母雙方)或戶長攜帶下列證件辦 理：申請人國民身分證、印章（或簽名）。內政部移民署核發之定居證。現住地戶口名簿。最近2年內拍攝之符合規格相片1張或數位相片（國民身分證相片規格可至 內政部戶政司全球資訊網-國民身分證相片規格 查詢，繳交數位相片者請至 內政部戶政司全球資訊網→網路申辦服務→國民身分證→國民身分證影像上傳 上傳數位相片），須核對本人人貌。（未滿14歲者得免申請國民身分證）父母一方辦理時，須另檢附他方之同意書或授權書（國外作成須經駐外館處驗證，大陸地區作成應經海基會驗證）。（二）當事人為成年人：由本人攜帶下列證件辦理：單獨成立一戶：（1）內政部移民署核發之定居證、印章（或簽名）。 （2）單獨立戶證明文件（單獨立戶之證明文件可至 內政部戶政司全球資訊網→法規與申辦須知→戶政業務申辦須知→設籍及遷徙登記→ 初設戶籍登記 查詢）（3）最近2年內拍攝之符合規格相片1張或數位相片（國民身分證相片規格可至內政部戶政司全球資訊網https://www.ris.gov.tw/app/portal/187查詢，繳交數位相片者請至內政部戶政司全球資訊網-網路申辦-國民身分證影像上傳https://www.ris.gov.tw/app/portal/765上傳數位相片）設戶籍於他人戶內：（1）內政部移民署核發之定居證、印章（或簽名）。 （2）現住地戶口名簿。（3）最近2年內拍攝之符合規格相片1張或數位相片（國民身分證相片規格可至 內政部戶政司全球資訊網-國民身分證相片規格 查詢，繳交數位相片者請至 內政部戶政司全球資訊網→網路申辦服務→國民身分證→國民身分證影像上傳 上傳數位相片）以利害關係人身分申請者，應附繳利害關係證明文件。申請人國民身分證、印章（或簽名）。內政部移民署核發之定居證。現住地戶口名簿。最近2年內拍攝之符合規格相片1張或數位相片（國民身分證相片規格可至 內政部戶政司全球資訊網-國民身分證相片規格 查詢，繳交數位相片者請至 內政部戶政司全球資訊網→網路申辦服務→國民身分證→國民身分證影像上傳 上傳數位相片），須核對本人人貌。（未滿14歲者得免申請國民身分證）父母一方辦理時，須另檢附他方之同意書或授權書（國外作成須經駐外館處驗證，大陸地區作成應經海基會驗證）。單獨成立一戶：（1）內政部移民署核發之定居證、印章（或簽名）。 （2）單獨立戶證明文件（單獨立戶之證明文件可至 內政部戶政司全球資訊網→法規與申辦須知→戶政業務申辦須知→設籍及遷徙登記→ 初設戶籍登記 查詢）（3）最近2年內拍攝之符合規格相片1張或數位相片（國民身分證相片規格可至內政部戶政司全球資訊網https://www.ris.gov.tw/app/portal/187查詢，繳交數位相片者請至內政部戶政司全球資訊網-網路申辦-國民身分證影像上傳https://www.ris.gov.tw/app/portal/765上傳數位相片）（1）內政部移民署核發之定居證、印章（或簽名）。（2）單獨立戶證明文件（單獨立戶之證明文件可至 內政部戶政司全球資訊網→法規與申辦須知→戶政業務申辦須知→設籍及遷徙登記→ 初設戶籍登記 查詢）（3）最近2年內拍攝之符合規格相片1張或數位相片（國民身分證相片規格可至內政部戶政司全球資訊網https://www.ris.gov.tw/app/portal/187查詢，繳交數位相片者請至內政部戶政司全球資訊網-網路申辦-國民身分證影像上傳https://www.ris.gov.tw/app/portal/765上傳數位相片）設戶籍於他人戶內：（1）內政部移民署核發之定居證、印章（或簽名）。 （2）現住地戶口名簿。（3）最近2年內拍攝之符合規格相片1張或數位相片（國民身分證相片規格可至 內政部戶政司全球資訊網-國民身分證相片規格 查詢，繳交數位相片者請至 內政部戶政司全球資訊網→網路申辦服務→國民身分證→國民身分證影像上傳 上傳數位相片）（1）內政部移民署核發之定居證、印章（或簽名）。（2）現住地戶口名簿。（3）最近2年內拍攝之符合規格相片1張或數位相片（國民身分證相片規格可至 內政部戶政司全球資訊網-國民身分證相片規格 查詢，繳交數位相片者請至 內政部戶政司全球資訊網→網路申辦服務→國民身分證→國民身分證影像上傳 上傳數位相片）以利害關係人身分申請者，應附繳利害關係證明文件。
常見問答集,Q06.辦理遷入單獨成立一戶，應提憑哪些文件？,遷入單獨成立一戶者，應提憑下列證明文件之一辦理（單獨立戶證明文件可至 內政部戶政司全球資訊網→法規與申辦須知→戶政業務申辦須知→設籍及遷徙登記→遷入登記 查詢）： 遷入本人、配偶、直系血親、直系姻親所有房屋或無償借住他人房屋者，憑房屋所有權狀或最近一期已完稅之房屋稅單或最近6個月內之買賣契約書或其他足資證明 所有權之證明文件辦理。 遷入本人、配偶、直系血親、直系姻親所租賃之房屋者，除提憑經法院或民間公證人公證之租賃契約書者外，如提憑未經法院或民間公證人公證之租賃契約書者，應同時檢附出租人之房屋所有權狀或最近一期已完稅之房屋稅單或最近6個月內買賣契約書或其他足資證明所有權之證明文件辦理。如個案情形特殊，租賃契約書仍應 繳驗正本外，出租人所有權之證明文件得以經房屋所有權人註記與正本相符並簽章之影本代替。 遷入工廠、商店、寺廟、機關、學校、其他公共處所者，憑 戶長或主持人或管理人之同意書辦理。 提憑本人、配偶、直系血親、直系姻親所繳納最近六個月內之水電費或瓦斯費收據辦理。 有居住之事實而無法提出上列證明文件者，得經警勤區佐警或戶政事務所人員查實後辦理。 另應攜帶遷出地戶口名簿、本人遷入者國民身分證、最近2年內拍攝之符合規格相片1張或數位相片，換領得免繳交相片或數位相片之情形，請參照國民身分證及戶口名簿製發相片影像檔建置管理辦法第14條規定。（國民身分證相片規格可至內政部戶政司全球資訊網https://www.ris.gov.tw/app/portal/187查詢，繳交數位相片者請至 內政部戶政司全球資訊網→網路申辦服務→國民身分證→國民身分證影像上傳 上傳數位相片）、印章(或簽名)，逕向遷入地戶政事務所辦理遷入登記。遷入本人、配偶、直系血親、直系姻親所有房屋或無償借住他人房屋者，憑房屋所有權狀或最近一期已完稅之房屋稅單或最近6個月內之買賣契約書或其他足資證明 所有權之證明文件辦理。遷入本人、配偶、直系血親、直系姻親所租賃之房屋者，除提憑經法院或民間公證人公證之租賃契約書者外，如提憑未經法院或民間公證人公證之租賃契約書者，應同時檢附出租人之房屋所有權狀或最近一期已完稅之房屋稅單或最近6個月內買賣契約書或其他足資證明所有權之證明文件辦理。如個案情形特殊，租賃契約書仍應 繳驗正本外，出租人所有權之證明文件得以經房屋所有權人註記與正本相符並簽章之影本代替。遷入工廠、商店、寺廟、機關、學校、其他公共處所者，憑 戶長或主持人或管理人之同意書辦理。提憑本人、配偶、直系血親、直系姻親所繳納最近六個月內之水電費或瓦斯費收據辦理。有居住之事實而無法提出上列證明文件者，得經警勤區佐警或戶政事務所人員查實後辦理。另應攜帶遷出地戶口名簿、本人遷入者國民身分證、最近2年內拍攝之符合規格相片1張或數位相片，換領得免繳交相片或數位相片之情形，請參照國民身分證及戶口名簿製發相片影像檔建置管理辦法第14條規定。（國民身分證相片規格可至內政部戶政司全球資訊網https://www.ris.gov.tw/app/portal/187查詢，繳交數位相片者請至 內政部戶政司全球資訊網→網路申辦服務→國民身分證→國民身分證影像上傳 上傳數位相片）、印章(或簽名)，逕向遷入地戶政事務所辦理遷入登記。
常見問答集,Q07.出境滿2年戶籍經戶政事務所逕為遷出登記者，如何恢復戶籍？,一、在臺有戶籍國民，持中華民國護照出境滿2年以上未入境者，戶政事務所得逕為辦理遷出（國外）登記。二、上開有戶籍國民戶籍經逕為遷出登記者，如欲返臺定居，應持中華民國護照或入國證明文件入境後，向遷入地戶政事務所辦理遷入登記，持外國護照入境者，不得辦 理遷入登記。三、應備文件:中華民國護照（或入國證明文件）。國民身分證。遷入他人戶內者應持遷入地戶口名簿。 （如欲單獨立戶者，應持單獨立戶證明文件，可至 內政部戶政司全球資訊網→法規與申辦須知→戶政業務申辦須知→設籍及遷徙登記→遷入登記 查詢）。印章（或簽名）。最近2年內拍攝之符合規格相片1張或數位相片（國民身分證相片規格可至 內政部戶政司全球資訊網-國民身分證相片規格 查詢，繳交數位相片者請至 內政部戶政司全球資訊網→網路申辦服務→國民身分證→國民身分證影像上傳 上傳數位相片）， 換領得免繳交相片或數位相片之情形，請參照國民身分證及戶口名簿製發相片影像檔建置管理辦法第14條規定中華民國護照（或入國證明文件）。國民身分證。遷入他人戶內者應持遷入地戶口名簿。 （如欲單獨立戶者，應持單獨立戶證明文件，可至 內政部戶政司全球資訊網→法規與申辦須知→戶政業務申辦須知→設籍及遷徙登記→遷入登記 查詢）。印章（或簽名）。最近2年內拍攝之符合規格相片1張或數位相片（國民身分證相片規格可至 內政部戶政司全球資訊網-國民身分證相片規格 查詢，繳交數位相片者請至 內政部戶政司全球資訊網→網路申辦服務→國民身分證→國民身分證影像上傳 上傳數位相片）， 換領得免繳交相片或數位相片之情形，請參照國民身分證及戶口名簿製發相片影像檔建置管理辦法第14條規定
常見問答集,Q08.申請閱覽戶籍資料或交付戶籍謄本的對象（申請人）及利害關係人範圍為何？,一、戶籍謄本之申請，得向任一戶政事務所為之。二、戶籍謄本及閱覽戶籍登記資料之申請人有三：當事人。利害關係人。受委託人。當事人。利害關係人。受委託人。三、又利害關係人，指與當事人（被申請人）具有下列各款情形之一者：契約未履行或債務未清償。同為公司行號之股東或合夥人，且為執行職務所必要。訴訟繫屬之當事人，經法院通知提出其他當事人戶籍資料。當事人之配偶、直系血親。戶長與戶內人口。但寄居人口，不在此限。其他確有法律上權利義務得喪變更之關係。契約未履行或債務未清償。同為公司行號之股東或合夥人，且為執行職務所必要。訴訟繫屬之當事人，經法院通知提出其他當事人戶籍資料。當事人之配偶、直系血親。戶長與戶內人口。但寄居人口，不在此限。其他確有法律上權利義務得喪變更之關係。
常見問答集,Q09.經許可回復國籍者，如欲申請設立戶籍，其辦理程序及應備文件為何？,一、在國內申請回復國籍，申請期間均未出境者：向本部移民署（以下簡稱移民署）申請發給入國證明文件。向遷入地戶政事務所辦理遷入登記。遷入單獨立戶者，應提憑單獨立戶之證明文件。（單獨立戶證明文件可至 內政部戶政司全球資訊網→法規與申辦須知→戶政業務申辦須知→設籍及遷徙登記→遷入登記 查詢）遷入他人戶內者，提憑遷入戶之戶口名簿、本人印章（或簽名）。同時申辦（或換領）戶口名簿及國民身分證。向本部移民署（以下簡稱移民署）申請發給入國證明文件。向遷入地戶政事務所辦理遷入登記。遷入單獨立戶者，應提憑單獨立戶之證明文件。（單獨立戶證明文件可至 內政部戶政司全球資訊網→法規與申辦須知→戶政業務申辦須知→設籍及遷徙登記→遷入登記 查詢）遷入他人戶內者，提憑遷入戶之戶口名簿、本人印章（或簽名）。同時申辦（或換領）戶口名簿及國民身分證。二、在國內申請回復國籍，於核准前出境者：經許可回復國籍後，持我國護照或入國證明文件入境，應持憑經加蓋戳記之我國護照或入國證明文件向遷入地戶政事務所辦理遷入登記。遷入單獨立戶者，應提憑單獨立戶之證明文件（單獨立戶證明文件可至 內政部戶政司全球資訊網→法規與申辦須知→戶政業務申辦須知→設籍及遷徙登記→遷入登記 查詢）。遷入他人戶內者，提憑遷入戶之戶口名簿、本人印章（或簽名）。同時申辦（或換領）戶口名簿及國民身分證。經許可回復國籍後，持我國護照或入國證明文件入境，應持憑經加蓋戳記之我國護照或入國證明文件向遷入地戶政事務所辦理遷入登記。遷入單獨立戶者，應提憑單獨立戶之證明文件（單獨立戶證明文件可至 內政部戶政司全球資訊網→法規與申辦須知→戶政業務申辦須知→設籍及遷徙登記→遷入登記 查詢）。遷入他人戶內者，提憑遷入戶之戶口名簿、本人印章（或簽名）。同時申辦（或換領）戶口名簿及國民身分證。一、 移民署核發之定居證向現住地戶政事務所辦理初設戶籍登記。二、遷入單獨立戶者，應提憑單獨立戶之證明文件（單獨立戶證明文件可至 內政部戶政司全球資訊網→法規與申辦須知→戶政業務申辦須知→設籍及遷徙登記→遷入登記 查詢）。三、遷入他人戶內者，提憑遷入戶之戶口名簿、本人印章（或簽名）。四、同時申辦（或換領）戶口名簿及國民身分證。
常見問答集,Q10.我該如何申請及運用電子戶籍謄本呢？列印下來可以採認嗎？,一、請利用具98、WIN2000或XP作業環境及搭配自然人憑證ＩＣ卡相容讀卡機之個人電腦，上網至「內政部戶政司全球資訊網」點選「戶政網路申辦服務」連結至本網站，選擇申辦項目後，於讀卡機置入申請者自然人憑證ＩＣ卡，並依網頁指示步驟選擇戶籍所在地、輸入國民身分證統一編號及申請自然人憑證ＩＣ卡時的密碼並確認身分無誤後即可申請戶籍謄本。申請人得將自網路下載產製之密文檔儲存於可攜式儲存媒體（如光碟片、隨身碟…等）或直接列印紙本電子戶籍謄本，提供需用機關（單位）、機構、公司驗證使用。二、電子戶籍謄本紙本驗證：驗證者（或單位）連結至本部戶政司全球資訊網「戶政網路申辦服務系統」。選擇驗證作業進入戶政網路申辦服務驗證作業，於輸入「謄本檢查號查驗」欄位輸入謄本檢查號共42碼，並按下「確定」鍵。系統顯示電子文件驗證成功或失敗之訊息，若驗證成功可直接點選瀏覽明文資料或以點擊滑鼠右鍵選擇「另存目標」，將電子文件儲存至指定目錄下。（瀏覽明文資料須使用PDF閱讀軟體開啟檔案）驗證者（或單位）連結至本部戶政司全球資訊網「戶政網路申辦服務系統」。選擇驗證作業進入戶政網路申辦服務驗證作業，於輸入「謄本檢查號查驗」欄位輸入謄本檢查號共42碼，並按下「確定」鍵。系統顯示電子文件驗證成功或失敗之訊息，若驗證成功可直接點選瀏覽明文資料或以點擊滑鼠右鍵選擇「另存目標」，將電子文件儲存至指定目錄下。（瀏覽明文資料須使用PDF閱讀軟體開啟檔案）三、電子戶籍謄本採電子簽章及電子憑證機制，依據電子簽章法規定產製，其所產製為一密文檔與戶政事務所核發紙本具有同等效用，並經需用機關（單位）驗證相符者，可供採認。四、現行電子戶籍謄本驗證作業請參閱「戶政網路申辦服務作業說明」之「電子戶籍謄本申請及驗證程序說明」辦理。五、目前民眾申領電子戶籍謄本不需繳交規費。
常見問答集,Q11.一般機關單位或公司行號該如何運用電子戶籍謄本呢？,民眾申辦業務如需繳附戶籍謄本紙本，可使用電子戶籍謄本取代；機關單位或公司行號，只需自備一般的個人電腦（須安裝PDF文件閱讀軟體），並依「戶政網路申辦服務作業說明」之「電子戶籍謄本申請及驗證程序說明」辦理。
常見問答集,Q12.國民身分證遺失應如何申請掛失？,一、為防止不法人士拾獲民眾遺失國民身分證，從事不法行為情事發生並為減輕當事人對國民身分證遭冒用之焦慮與不安，國民身分證遺失時，請立即辦理掛失國民身分證。二、有關辦理國民身分證掛失，目前有4種申請方式：於上班時間親自至任一戶政事務所或以電話向任一戶政事務所辦理掛失國民身分證。持有自然人憑證者，請至「內政部戶政司全球資訊網」-「國民身分證專區」-「國民身分證掛失暨撤銷掛失申請作業（使用自然人憑證）」（網址https://www.ris.gov.tw/app/portal/3012）辦理掛失國民身分證（24小時服務）。有關自然人憑證之申請資訊，請參閱內政部憑證管理中心網站（http://moica.nat.gov.tw）。於上班時間或非上班時間撥打1996內政服務熱線辦理掛失國民身分證。如人在國外請撥打國際電話886-2-81958151。至「內政部戶政司全球資訊網」-「國民身分證專區」-「國民身分證掛失暨撤銷掛失申請作業（免自然人憑證）」（網址https://www.ris.gov.tw/app/portal/3013）辦理掛失國民身分證（24小時服務）。於上班時間親自至任一戶政事務所或以電話向任一戶政事務所辦理掛失國民身分證。持有自然人憑證者，請至「內政部戶政司全球資訊網」-「國民身分證專區」-「國民身分證掛失暨撤銷掛失申請作業（使用自然人憑證）」（網址https://www.ris.gov.tw/app/portal/3012）辦理掛失國民身分證（24小時服務）。有關自然人憑證之申請資訊，請參閱內政部憑證管理中心網站（http://moica.nat.gov.tw）。於上班時間或非上班時間撥打1996內政服務熱線辦理掛失國民身分證。如人在國外請撥打國際電話886-2-81958151。至「內政部戶政司全球資訊網」-「國民身分證專區」-「國民身分證掛失暨撤銷掛失申請作業（免自然人憑證）」（網址https://www.ris.gov.tw/app/portal/3013）辦理掛失國民身分證（24小時服務）。三、 辦理掛失後，掛失紀錄會上傳至「內政部戶政司全球資訊網－國民身分證領補換資料查詢作業系統」，提供金融機構及社會各界上網查證，以免遭不法人士冒用。請儘速親自辦理補發新證，遺失之舊證始失其效力。
常見問答集,Q13.目前承認同性婚姻合法之國家或地區為何？(What country or jurisdiction has been legally performed and recognized Same-sex marriage ?),"目前中華民國、阿根廷、澳洲、奧地利、比利時、巴西、加拿大、哥倫比亞、丹麥、芬蘭、法國、德國、冰島、愛爾蘭、盧森堡、馬爾他、墨西哥、荷蘭、紐西蘭、挪威、葡萄牙、南非、西班牙、瑞典、英國、美國、烏拉圭、厄瓜多、哥斯大黎加、瑞士、智利、斯洛維尼亞、古巴、安道爾等34個國家或地區承認同性婚姻合法。(Same-sex marriage was legally performed and recognized in 34 countries (nationwide or in some jurisdictions):Argentina, Australia, Austria, Belgium, Brazil, Canada, Colombia, Costa Rica, Denmark, Ecuador, Finland, France, Germany, Iceland, Ireland, Luxembourg, Malta, Mexico, Netherlands, New Zealand, Norway, Portugal, R.O.C (Taiwan), South Africa, Spain, Sweden, United Kingdom, United States, Uruguay, Switzerland, Chile, Slovenia, Cuba, Andorra.)"
常見問答集,Q14.同性結婚者為繼親收養後，渠等之未成年子女權利義務將由誰行使負擔？,同性結婚者，例如甲乙2位女性依司法院釋字第七四八號施行法第20條規定，於結婚登記後，甲女得收養乙女之親生子女，該子女之雙親欄記載「母、養母」，渠等之收養關係準用民法第1077條第2項規定，乙女與其親生子女之權利義務，不因甲女之收養而影響，倘該子女未成年，其權利義務行使由甲乙共同行使負擔。
登記婚問答集,Q01.民法由儀式婚改為登記婚之修法意旨為何？,一、按法務部95年4月3日法律字第0950700257號書函略以，「我國民法自民國20年施行以來，即採儀式婚主義，惟因儀式婚存在有若干之缺失及問題，包括：儀式婚公示效果薄弱，無法防止重婚及保護善意第三人。儀式婚之規定，適用上欠缺明確之認定標準，易生爭執，致影響身分關係之安定。結婚採儀式婚，離婚採登記主義，兩者不能配合，徒增困擾等缺失。準此，法務部經參酌先進國家之立法例審慎評估後，修正民法第982條規定，改採登記婚主義，除因登記係藉由國家機關之參與，具公示作用，可解決因儀式婚公示效果薄弱及適用有欠明確所造成重婚之虞外，並能與現行離婚制度相配合，以避免結婚未登記者，於離婚時須辦理結婚登記始能接續辦理離婚之困擾與矛盾。」儀式婚公示效果薄弱，無法防止重婚及保護善意第三人。儀式婚之規定，適用上欠缺明確之認定標準，易生爭執，致影響身分關係之安定。結婚採儀式婚，離婚採登記主義，兩者不能配合，徒增困擾等缺失。二、按民法第982條規定：「結婚應以書面為之，有2人以上證人之簽名，並應由雙方當事人向戶政機關為結婚之登記。」次按法務部 97年3月12日法律字第0970007661號函略以，民法第982條登記婚之規定，係以結婚登記為結婚之形式要件，是以結婚登記之生效時期係以戶政機關辦妥結婚登記時發生效力為宜，其結婚生效日期應以辦妥結婚登記日為準。97年5月23日起，結婚雙方當事人在國內辦理結婚登記者，結婚生效日即為結婚登記日。
登記婚問答題,Q02.97年5月23日前或以後辦理的儀式婚還有效力嗎？,一、登記婚自97年5月23日施行，惟於97年5月22日（包括97年5月22日當日）以前已有效成立之儀式婚，亦即結婚仍以公開儀式及2人以上證人為要件，縱未辦理結婚登記，仍屬有效。二、自97年5月23日起，結婚以辦妥結婚登記為生效要件，準此，結婚生效日即為結婚登記日。如結婚當事人已舉行結婚儀式，卻未向戶政事務所辦理登記，結婚仍不生效力。又民法982條採行登記婚，惟並未「禁止」民間辦理結婚儀式。如因個人需要或習俗考量，仍可以自行舉辦儀式，但應依上開民法規定向戶政事務所辦理結婚登記始生效力。
登記婚問答題,Q03.結婚登記日是否必須與結婚儀式同一日？,民法第982條登記婚規定，結婚儀式與結婚是否生效無關，應以向戶政事務所辦妥結婚登記日為結婚生效日。為確保個人權益，結婚當事人可先辦登記再依個人需求或習俗舉行宴客儀式。
登記婚問答題,Q04.如果在例假日辦理結婚登記，應如何辦理？ 可以提前辦理嗎？,預約例假日辦理結婚登記，因涉及地方政府人力、財政負擔，且目前已提供登記日前3個辦公日內辦理指定結婚登記日之措施、民眾可至任一戶政事務所辦理結婚登記、部分戶政事務所提供彈性上班之便民服務，爰是否提供例假日辦理結婚登記服務，由各地方政府自行決定。請逕洽欲前往申請之戶政事務所詢問是否有提供該項服務。
登記婚問答題,Q05.97年5月23日起各直轄市、縣（市）政府舉辦之聯合婚禮或法院公證結婚有無效力？,97年5月23日以後辦理如結婚喜宴、宗教婚禮、法院公證結婚及政府機關主辦之集團結婚等，如未向戶政事務所辦理結婚登記，婚姻仍不生法律效力。
登記婚問答題,Q06.國人在國外結婚，其生效日期是否以結婚登記日期為準？,依涉外民事法律適用法第46條規定，婚姻之成立，依各該當事人之本國法。但結婚之方式依當事人一方之本國法或依舉行地法者，亦為有效。結婚之方式，當事人一方為中華民國國民，並在中華民國舉行者，依中華民國法律。如結婚雙方當事人在國外結婚，其結婚已生效者，依國外結婚生效日為準。
登記婚問答題,Q07.結婚登記之申請人為何？,依民法第982條規定，結婚應以書面為之，有2人以上證人之簽名，並應由雙方當事人向戶政機關為結婚之登記。另依戶籍法第33條第1項規定，結婚登記，以雙方當事人為申請人。但於中華民國97年5月22日以前（包括97年5月22日當日）結婚，或其結婚已生效者，得以當事人之一方為申請人。
登記婚問答題,Q08.結婚登記應向何地之戶政事務所申請？,結婚當事人應依下列規定向戶政事務所辦理結婚登記：雙方或一方在國內現有或曾設戶籍者，在國內結婚，得向任一戶政事務所辦理。雙方或一方在國內現有或曾設戶籍者，在國外結婚，得檢具相關文件，向我國駐外使領館、代表處、辦事處（以下簡稱駐外館處）或行政院於香港、澳門設立或指定之機構或委託之民間團體申請，經驗證後函轉戶籍地或原戶籍地戶政事務所，或親自向任一戶政事務所辦理結婚登記。雙方在國內未曾設戶籍者，在國內結婚，得向任一戶政事務所為之。但在國外結婚，得檢具相關文件，向駐外館處或行政院於香港、澳門設立或指定之機構或委託之民間團體申請，經驗證後函轉中央主管機關指定之中央政府所在地戶政事務所或親自向任一戶政事務所辦理結婚登記。雙方或一方在國內現有或曾設戶籍者，在國內結婚，得向任一戶政事務所辦理。雙方或一方在國內現有或曾設戶籍者，在國外結婚，得檢具相關文件，向我國駐外使領館、代表處、辦事處（以下簡稱駐外館處）或行政院於香港、澳門設立或指定之機構或委託之民間團體申請，經驗證後函轉戶籍地或原戶籍地戶政事務所，或親自向任一戶政事務所辦理結婚登記。雙方在國內未曾設戶籍者，在國內結婚，得向任一戶政事務所為之。但在國外結婚，得檢具相關文件，向駐外館處或行政院於香港、澳門設立或指定之機構或委託之民間團體申請，經驗證後函轉中央主管機關指定之中央政府所在地戶政事務所或親自向任一戶政事務所辦理結婚登記。
登記婚問答題,Q09.辦理結婚登記應攜帶證件為何？,一、共同應備文件（均須攜帶正本）為：雙方身分證明文件（國人為國民身分證；外國人為護照、居留證或入出國許可證；大陸地區人民為經本部移民署加蓋「通過面談，請憑辦理結婚登記」章戳之臺灣地區入出國許可證）。國人戶口名簿。國人最近2年內拍攝之符合規格相片1張或數位相片， 換領得免繳交相片或數位相片之情形，請參照國民身分證及戶口名簿製發相片影像檔建置管理辦法第14條規定（國民身分證相片規格可至內政部戶政司全球資訊網-民身分證相片規格查詢，繳交數位相片者請至內政部戶政司全球資訊網 → 網路申辦服務 → 國民身分證 → 國民身分證影像上傳上傳數位相片）。印章（可簽名）。雙方身分證明文件（國人為國民身分證；外國人為護照、居留證或入出國許可證；大陸地區人民為經本部移民署加蓋「通過面談，請憑辦理結婚登記」章戳之臺灣地區入出國許可證）。國人戶口名簿。國人最近2年內拍攝之符合規格相片1張或數位相片， 換領得免繳交相片或數位相片之情形，請參照國民身分證及戶口名簿製發相片影像檔建置管理辦法第14條規定（國民身分證相片規格可至內政部戶政司全球資訊網-民身分證相片規格查詢，繳交數位相片者請至內政部戶政司全球資訊網 → 網路申辦服務 → 國民身分證 → 國民身分證影像上傳上傳數位相片）。印章（可簽名）。二、其他應備文件（均須攜帶正本）及程序：雙方皆為國人在國內結婚，須攜帶結婚書約（應載有2名證人之簽名等相關資料），由雙方親自至任一戶政事務所辦理結婚登記；在國外已辦妥結婚者，請攜帶經駐外館處驗證之結婚證明文件（須同時檢附經驗證或國內公證人認證之中文譯本），由一方或雙方當事人親自至任一戶政事務所或由駐外館處函轉辦理結婚登記。國人與大陸地區人民在國內結婚，須先向大陸地區主管機關辦理登記結婚，並申請結婚公證書，向財團法人海峽交流基金會（下稱海基會）辦理文件驗證及向本部移民署申請面談，面談通過後，再攜帶經海基會驗證之結婚證明文件，由一方或雙方當事人親自至任一戶政事務所辦理結婚登記。國人與外交部所定之特定國家人士（如越南、緬甸等）在國內結婚，須先至該外籍配偶之原屬國完成結婚登記，持憑結婚文件向我國駐外館處申請面談及驗證結婚文件，面談通過後，再攜帶經駐外館處驗證之結婚證明文件及中文譯本、外籍配偶取用中文姓名聲明書，由一方或雙方當事人親自至任一戶政事務所辦理結婚登記。國人與持有本部移民署依法核發永久居留證之特定國家人士或特定國家以外之外國人在國內結婚，請攜帶結婚書約（應載有2名證人之簽名等相關資料）、外籍配偶取用中文姓名聲明書、經駐外館處驗證之婚姻狀況證明文件及中文譯本，由雙方親至任一戶政事務所辦理結婚登記；在國外已辦妥結婚者，請攜帶經駐外館處驗證之結婚證明文件（須同時檢附經驗證或國內公證人認證之中文譯本）及外籍配偶取用中文姓名聲明書（如外籍配偶親至戶政事務所填寫，無須經駐外館處驗證），由一方或雙方當事人親自至任一戶政事務所或由駐外館處函轉辦理結婚登記。雙方皆為國人在國內結婚，須攜帶結婚書約（應載有2名證人之簽名等相關資料），由雙方親自至任一戶政事務所辦理結婚登記；在國外已辦妥結婚者，請攜帶經駐外館處驗證之結婚證明文件（須同時檢附經驗證或國內公證人認證之中文譯本），由一方或雙方當事人親自至任一戶政事務所或由駐外館處函轉辦理結婚登記。國人與大陸地區人民在國內結婚，須先向大陸地區主管機關辦理登記結婚，並申請結婚公證書，向財團法人海峽交流基金會（下稱海基會）辦理文件驗證及向本部移民署申請面談，面談通過後，再攜帶經海基會驗證之結婚證明文件，由一方或雙方當事人親自至任一戶政事務所辦理結婚登記。國人與外交部所定之特定國家人士（如越南、緬甸等）在國內結婚，須先至該外籍配偶之原屬國完成結婚登記，持憑結婚文件向我國駐外館處申請面談及驗證結婚文件，面談通過後，再攜帶經駐外館處驗證之結婚證明文件及中文譯本、外籍配偶取用中文姓名聲明書，由一方或雙方當事人親自至任一戶政事務所辦理結婚登記。國人與持有本部移民署依法核發永久居留證之特定國家人士或特定國家以外之外國人在國內結婚，請攜帶結婚書約（應載有2名證人之簽名等相關資料）、外籍配偶取用中文姓名聲明書、經駐外館處驗證之婚姻狀況證明文件及中文譯本，由雙方親至任一戶政事務所辦理結婚登記；在國外已辦妥結婚者，請攜帶經駐外館處驗證之結婚證明文件（須同時檢附經驗證或國內公證人認證之中文譯本）及外籍配偶取用中文姓名聲明書（如外籍配偶親至戶政事務所填寫，無須經駐外館處驗證），由一方或雙方當事人親自至任一戶政事務所或由駐外館處函轉辦理結婚登記。
登記婚問答題,Q10.辦理結婚登記需要繳交規費嗎？,按戶政事務所辦理任何戶籍登記，包括結婚登記均無須繳交規費。但因辦理結婚登記致須換領國民身分證及戶口名簿應各繳納新臺幣50元（1張）及30元（1份），另如須申請結婚證明書，應繳納新臺幣100元。
登記婚問答題,Q11.97年5月23日起辦理結婚登記後，可否申請核發結婚證明書以為婚姻狀況證明文件？,一、結婚當事人申辦結婚登記完竣，得由申請人繳納規費後，向戶政事務所申請核發（中、英文）結婚證明書。結婚當事人嗣後申請（中、英文）結婚證明書者，得向任一戶政事務所申請核發。二、申請結婚證明書得委託他人辦理。委託他人辦理者，應攜帶委託書及受委託人（即委託書所載之被委託人）之身分證明文件正本、印章（或簽名）。在國外作成之委託書，應經我駐外館處驗證；在大陸地區或香港、澳門作成之委任書，應經行政院設立或指定之機構或委託之民間團體驗證。三、97年5月22日以前結婚並已向戶政事務所辦妥結婚登記之當事人，得向任一戶政事務所申請核發結婚證明書（中、英文）或向原辦理結婚登記之戶政事務所申請核發結婚證明文件影本。四、另結婚當事人亦得向任一戶政事務所申請載有結婚登記記事之戶籍謄本（中、英文），據以證明。
登記婚問答題,Q12.未成年人可否辦理結婚登記？,依民法第12條規定，滿18歲為成年。民法第980條規定，男女未滿18歲者，不得結婚。準此，未成年人不得辦理結婚登記。
登記婚問答題,Q13.因重病住院醫療或在矯正機關收容的特殊情況結婚當事人，如何辦理結婚登記？,結婚當事人如有重病住院醫療、在家療養或矯正機關收容之特殊情事，無法親自至戶政事務所辦理結婚登記者，得向醫療機構、結婚當事人居住地或矯正機關所在地之戶政事務所申請預約登記期日，該戶政事務所得於該日派員至指定地點，於結婚當事人表達其結婚意思後，攜回結婚書面相關文件，當日辦妥結婚登記。如結婚當事人係向其他戶政事務所申請結婚登記，受理地戶政事務所得商請醫療機構、結婚當事人居住地或矯正機關所在地之戶政事務所協助查實，協助查實之戶政事務所應當日傳送相關文件予受理地戶政事務所辦理結婚登記，並於3日內將相關文件正本函復受理地戶政事務所歸檔。
登記婚問答題,Q14.逕為遷至戶政事務所地址之人口申請結婚登記，應如何辦理？,戶籍經逕遷戶政事務所者，其辦理戶籍案件時，戶政事務所應辦理相關作業如下： 民眾申請戶籍案件，受理地戶政事務所應請其據實填寫「逕遷戶政事務所人口辦理戶籍登記案件調查與資料傳真單」，並依法核處當事人戶籍案件申請事宜。 傳真單傳真當事人現住地戶政事務所。 現住地戶政事務所回傳傳真單確認收訖。 現住地戶政事務所依戶籍法第17條、第48條與行政法院56年判字第60號判例規定，核處當事人遷徙事宜。 當事人現場不願填寫現住地址者，如無正當理由拒絕提供時，得依戶籍法第77條規定處以罰鍰。民眾申請戶籍案件，受理地戶政事務所應請其據實填寫「逕遷戶政事務所人口辦理戶籍登記案件調查與資料傳真單」，並依法核處當事人戶籍案件申請事宜。傳真單傳真當事人現住地戶政事務所。現住地戶政事務所回傳傳真單確認收訖。現住地戶政事務所依戶籍法第17條、第48條與行政法院56年判字第60號判例規定，核處當事人遷徙事宜。當事人現場不願填寫現住地址者，如無正當理由拒絕提供時，得依戶籍法第77條規定處以罰鍰。
印鑑登記及印鑑證明業務,Q01.申請印鑑登記、印鑑變更、印鑑廢止、印鑑證明之相關規定及注意事項。,一、申請印鑑登記、印鑑變更、印鑑廢止（一）申請人當事人受委任人法定代理人（二）應備證件當事人親自至戶政事務所辦理：攜帶當事人國民身分證、印鑑章（法定代理人國民身分證、印章）；但在國內曾設有戶籍國民旅居國外、大陸地區或香港、澳門未請領現行國民身分證者，繳驗有效之中華民國護照、入國證明文件或其他身分證明文件。委任他人辦理者，受委任人應繳驗身分證明文件，並附繳委任書、授權書或同意書（須由委任人親自簽名或蓋章並註明辦理事項），及委任人欲登記之印鑑章、委任人國民身分證影本或有效之中華民國護照、入國證明文件或其他身分證明文件影本、印章。法定代理人辦理者，法定代理人應繳驗身分證明文件，並附繳當事人國民身分證影本或有效之中華民國護照、入國證明文件或其他身分證明文件影本、印鑑章。法定代理人有數人，由其中一人代為申請者，並應附繳其他法定代理人之身分證明文件影本及委任書或同意書。（三）注意事項申請印鑑登記應由當事人親自為之。但有下列各款情形者，依下列各款規定辦理：（1）在國內曾設有戶籍旅居國外國民得出具委任書或授權書委任他人代為申請印鑑登記。（2）臺灣地區人民旅居大陸地區或香港、澳門得出具委任書或授權書委任他人代辦。（3）在營軍人得由所屬連級以上部隊長核轉其印鑑登記機關辦理，或經所屬連級以上部隊長證明身分後出具委任書委任他人代辦。（4）矯正機關收容人得由矯正機關核轉其印鑑登記機關辦理，或經矯正機關證明身分後出具委任書委任他人代辦。（5）意識清楚之重大疾病患者或不能行走者，得檢具醫師或村（里）長之證明書出具申請書及委任書委任他人代辦。（6）在指定隔離治療機構施行隔離治療之病患，得由醫療機構核轉其印鑑登記機關辦理，或經指定隔離治療機構證明身分後出具委任書委任他人代辦。（7）無行為能力人或限制行為能力人由法定代理人代辦。（8）隨船航行之船員，無法取得我國駐外使領館、代表處、辦事處（以下簡稱駐外館處）、行政院設立或指定之機構或委託之民間團體驗證者，得向其隸屬船舶公司或代理行取得證明書後委任他人代辦。（9）當事人出具經法院或民間公證人公證或認證之委任書委任他人代辦。未成年人申請如由法定代理人單方申請者，須另附他方之同意書。申請登記之印鑑以一種為限，並應使用戶籍登記之姓名，且不得加刻圖騰。印鑑章印面之長、寬或直徑須1公分以上未逾3公分，且不得使用原子章或橡膠等易變形材質。已申請登記之印鑑，不適用前揭規定。但申請印鑑變更時，印鑑章印面應依前揭現行規定辦理。當事人在國外委任辦理者，其委任書或授權書，應經我駐外使館或代表處、辦事處驗證（在大陸地區或香港、澳門作成者，應經行政院設立或指定之機構或委託之民間團體驗證），並應載明辦理種類。附繳身分證明文件說明：（1）身分證明文件：指國民身分證、外僑居留證、臺灣地區居留證、有 效之中華民國護照、入國證明文件或其他身分證明文件。（2）入國證明文件：指入國證明書或入國許可證副本。當事人得於印鑑登記申請書、印鑑變更登記申請書及印鑑條上載明印鑑登記之有效期限。戶政事務所於有效期限內核發之印鑑證明，其使用期限及效力由各需用機關（構）自行審認。申請印鑑登記、變更或廢止登記，應由當事人親自為之。但無法親自為之者，得依戶政事務所辦理印鑑登記作業規定第6點規定委任他人辦理。印鑑遺失或毀損，應填具印鑑變更登記申請書或印鑑廢止登記申請書，辦理變更或廢止登記；辦理變更登記者，應另填具印鑑條並繳交印鑑章。當事人有下列情形之一者，原登記之印鑑當然廢止：（1）死亡或經死亡宣告。（2）經撤銷或喪失國籍。喪失臺灣地區人民身分，亦同。（3）遷出戶籍地。但戶籍遷出國外或在已全面建置印鑑數位化系統之同一直轄市、縣（市）內之遷徙者，不在此限。（4）當事人指定之有效期限屆滿時。（四）規費印鑑登記、變更及廢止按件繳納工本費，其費額由直轄市、縣（市）政府定之。（五）受理戶政事務所戶籍地戶政事務所。已建置印鑑數位化系統之直轄市、縣（市）政府，得由所轄任一戶政事務所受理申請。（詳情請洽詢戶籍地戶政事務所）。（一）申請人當事人受委任人法定代理人（二）應備證件當事人親自至戶政事務所辦理：攜帶當事人國民身分證、印鑑章（法定代理人國民身分證、印章）；但在國內曾設有戶籍國民旅居國外、大陸地區或香港、澳門未請領現行國民身分證者，繳驗有效之中華民國護照、入國證明文件或其他身分證明文件。委任他人辦理者，受委任人應繳驗身分證明文件，並附繳委任書、授權書或同意書（須由委任人親自簽名或蓋章並註明辦理事項），及委任人欲登記之印鑑章、委任人國民身分證影本或有效之中華民國護照、入國證明文件或其他身分證明文件影本、印章。法定代理人辦理者，法定代理人應繳驗身分證明文件，並附繳當事人國民身分證影本或有效之中華民國護照、入國證明文件或其他身分證明文件影本、印鑑章。法定代理人有數人，由其中一人代為申請者，並應附繳其他法定代理人之身分證明文件影本及委任書或同意書。（三）注意事項申請印鑑登記應由當事人親自為之。但有下列各款情形者，依下列各款規定辦理：（1）在國內曾設有戶籍旅居國外國民得出具委任書或授權書委任他人代為申請印鑑登記。（2）臺灣地區人民旅居大陸地區或香港、澳門得出具委任書或授權書委任他人代辦。（3）在營軍人得由所屬連級以上部隊長核轉其印鑑登記機關辦理，或經所屬連級以上部隊長證明身分後出具委任書委任他人代辦。（4）矯正機關收容人得由矯正機關核轉其印鑑登記機關辦理，或經矯正機關證明身分後出具委任書委任他人代辦。（5）意識清楚之重大疾病患者或不能行走者，得檢具醫師或村（里）長之證明書出具申請書及委任書委任他人代辦。（6）在指定隔離治療機構施行隔離治療之病患，得由醫療機構核轉其印鑑登記機關辦理，或經指定隔離治療機構證明身分後出具委任書委任他人代辦。（7）無行為能力人或限制行為能力人由法定代理人代辦。（8）隨船航行之船員，無法取得我國駐外使領館、代表處、辦事處（以下簡稱駐外館處）、行政院設立或指定之機構或委託之民間團體驗證者，得向其隸屬船舶公司或代理行取得證明書後委任他人代辦。（9）當事人出具經法院或民間公證人公證或認證之委任書委任他人代辦。未成年人申請如由法定代理人單方申請者，須另附他方之同意書。申請登記之印鑑以一種為限，並應使用戶籍登記之姓名，且不得加刻圖騰。印鑑章印面之長、寬或直徑須1公分以上未逾3公分，且不得使用原子章或橡膠等易變形材質。已申請登記之印鑑，不適用前揭規定。但申請印鑑變更時，印鑑章印面應依前揭現行規定辦理。當事人在國外委任辦理者，其委任書或授權書，應經我駐外使館或代表處、辦事處驗證（在大陸地區或香港、澳門作成者，應經行政院設立或指定之機構或委託之民間團體驗證），並應載明辦理種類。附繳身分證明文件說明：（1）身分證明文件：指國民身分證、外僑居留證、臺灣地區居留證、有 效之中華民國護照、入國證明文件或其他身分證明文件。（2）入國證明文件：指入國證明書或入國許可證副本。當事人得於印鑑登記申請書、印鑑變更登記申請書及印鑑條上載明印鑑登記之有效期限。戶政事務所於有效期限內核發之印鑑證明，其使用期限及效力由各需用機關（構）自行審認。申請印鑑登記、變更或廢止登記，應由當事人親自為之。但無法親自為之者，得依戶政事務所辦理印鑑登記作業規定第6點規定委任他人辦理。印鑑遺失或毀損，應填具印鑑變更登記申請書或印鑑廢止登記申請書，辦理變更或廢止登記；辦理變更登記者，應另填具印鑑條並繳交印鑑章。當事人有下列情形之一者，原登記之印鑑當然廢止：（1）死亡或經死亡宣告。（2）經撤銷或喪失國籍。喪失臺灣地區人民身分，亦同。（3）遷出戶籍地。但戶籍遷出國外或在已全面建置印鑑數位化系統之同一直轄市、縣（市）內之遷徙者，不在此限。（4）當事人指定之有效期限屆滿時。（四）規費印鑑登記、變更及廢止按件繳納工本費，其費額由直轄市、縣（市）政府定之。（五）受理戶政事務所戶籍地戶政事務所。已建置印鑑數位化系統之直轄市、縣（市）政府，得由所轄任一戶政事務所受理申請。（詳情請洽詢戶籍地戶政事務所）。當事人受委任人法定代理人當事人親自至戶政事務所辦理：攜帶當事人國民身分證、印鑑章（法定代理人國民身分證、印章）；但在國內曾設有戶籍國民旅居國外、大陸地區或香港、澳門未請領現行國民身分證者，繳驗有效之中華民國護照、入國證明文件或其他身分證明文件。委任他人辦理者，受委任人應繳驗身分證明文件，並附繳委任書、授權書或同意書（須由委任人親自簽名或蓋章並註明辦理事項），及委任人欲登記之印鑑章、委任人國民身分證影本或有效之中華民國護照、入國證明文件或其他身分證明文件影本、印章。法定代理人辦理者，法定代理人應繳驗身分證明文件，並附繳當事人國民身分證影本或有效之中華民國護照、入國證明文件或其他身分證明文件影本、印鑑章。法定代理人有數人，由其中一人代為申請者，並應附繳其他法定代理人之身分證明文件影本及委任書或同意書。申請印鑑登記應由當事人親自為之。但有下列各款情形者，依下列各款規定辦理：（1）在國內曾設有戶籍旅居國外國民得出具委任書或授權書委任他人代為申請印鑑登記。（2）臺灣地區人民旅居大陸地區或香港、澳門得出具委任書或授權書委任他人代辦。（3）在營軍人得由所屬連級以上部隊長核轉其印鑑登記機關辦理，或經所屬連級以上部隊長證明身分後出具委任書委任他人代辦。（4）矯正機關收容人得由矯正機關核轉其印鑑登記機關辦理，或經矯正機關證明身分後出具委任書委任他人代辦。（5）意識清楚之重大疾病患者或不能行走者，得檢具醫師或村（里）長之證明書出具申請書及委任書委任他人代辦。（6）在指定隔離治療機構施行隔離治療之病患，得由醫療機構核轉其印鑑登記機關辦理，或經指定隔離治療機構證明身分後出具委任書委任他人代辦。（7）無行為能力人或限制行為能力人由法定代理人代辦。（8）隨船航行之船員，無法取得我國駐外使領館、代表處、辦事處（以下簡稱駐外館處）、行政院設立或指定之機構或委託之民間團體驗證者，得向其隸屬船舶公司或代理行取得證明書後委任他人代辦。（9）當事人出具經法院或民間公證人公證或認證之委任書委任他人代辦。（1）在國內曾設有戶籍旅居國外國民得出具委任書或授權書委任他人代為申請印鑑登記。（2）臺灣地區人民旅居大陸地區或香港、澳門得出具委任書或授權書委任他人代辦。（3）在營軍人得由所屬連級以上部隊長核轉其印鑑登記機關辦理，或經所屬連級以上部隊長證明身分後出具委任書委任他人代辦。（4）矯正機關收容人得由矯正機關核轉其印鑑登記機關辦理，或經矯正機關證明身分後出具委任書委任他人代辦。（5）意識清楚之重大疾病患者或不能行走者，得檢具醫師或村（里）長之證明書出具申請書及委任書委任他人代辦。（6）在指定隔離治療機構施行隔離治療之病患，得由醫療機構核轉其印鑑登記機關辦理，或經指定隔離治療機構證明身分後出具委任書委任他人代辦。（7）無行為能力人或限制行為能力人由法定代理人代辦。（8）隨船航行之船員，無法取得我國駐外使領館、代表處、辦事處（以下簡稱駐外館處）、行政院設立或指定之機構或委託之民間團體驗證者，得向其隸屬船舶公司或代理行取得證明書後委任他人代辦。（9）當事人出具經法院或民間公證人公證或認證之委任書委任他人代辦。未成年人申請如由法定代理人單方申請者，須另附他方之同意書。申請登記之印鑑以一種為限，並應使用戶籍登記之姓名，且不得加刻圖騰。印鑑章印面之長、寬或直徑須1公分以上未逾3公分，且不得使用原子章或橡膠等易變形材質。已申請登記之印鑑，不適用前揭規定。但申請印鑑變更時，印鑑章印面應依前揭現行規定辦理。當事人在國外委任辦理者，其委任書或授權書，應經我駐外使館或代表處、辦事處驗證（在大陸地區或香港、澳門作成者，應經行政院設立或指定之機構或委託之民間團體驗證），並應載明辦理種類。附繳身分證明文件說明：（1）身分證明文件：指國民身分證、外僑居留證、臺灣地區居留證、有 效之中華民國護照、入國證明文件或其他身分證明文件。（2）入國證明文件：指入國證明書或入國許可證副本。（1）身分證明文件：指國民身分證、外僑居留證、臺灣地區居留證、有 效之中華民國護照、入國證明文件或其他身分證明文件。（2）入國證明文件：指入國證明書或入國許可證副本。當事人得於印鑑登記申請書、印鑑變更登記申請書及印鑑條上載明印鑑登記之有效期限。戶政事務所於有效期限內核發之印鑑證明，其使用期限及效力由各需用機關（構）自行審認。申請印鑑登記、變更或廢止登記，應由當事人親自為之。但無法親自為之者，得依戶政事務所辦理印鑑登記作業規定第6點規定委任他人辦理。印鑑遺失或毀損，應填具印鑑變更登記申請書或印鑑廢止登記申請書，辦理變更或廢止登記；辦理變更登記者，應另填具印鑑條並繳交印鑑章。當事人有下列情形之一者，原登記之印鑑當然廢止：（1）死亡或經死亡宣告。（2）經撤銷或喪失國籍。喪失臺灣地區人民身分，亦同。（3）遷出戶籍地。但戶籍遷出國外或在已全面建置印鑑數位化系統之同一直轄市、縣（市）內之遷徙者，不在此限。（4）當事人指定之有效期限屆滿時。（1）死亡或經死亡宣告。（2）經撤銷或喪失國籍。喪失臺灣地區人民身分，亦同。（3）遷出戶籍地。但戶籍遷出國外或在已全面建置印鑑數位化系統之同一直轄市、縣（市）內之遷徙者，不在此限。（4）當事人指定之有效期限屆滿時。印鑑登記、變更及廢止按件繳納工本費，其費額由直轄市、縣（市）政府定之。戶籍地戶政事務所。已建置印鑑數位化系統之直轄市、縣（市）政府，得由所轄任一戶政事務所受理申請。（詳情請洽詢戶籍地戶政事務所）。二、申請印鑑證明（一）申請人當事人受委任人法定代理人（二）應備證件當事人（法定代理人）親自辦理者，應繳驗國民身分證、原登記之印鑑；但在國內曾設有戶籍國民旅居國外、大陸地區或香港、澳門未請領現行國民身分證者，繳驗有效之中華民國護照、入國證明文件或其他身分證明文件。委任他人辦理者，受委任人應繳驗身分證明文件，並附繳委任書（委任書須由委任人親自簽名或蓋章並註明請領份數）、授權書或同意書（如僅由法定代理人之一方代理者，應出具另一方之同意書），及委任人原登記之印鑑、委任人國民身分證影本或有效之中華民國護照、入國證明文件或其他身分證明文件影本、委任人印章。法定代理人辦理者，法定代理人應繳驗身分證明文件，並附繳當事人國民身分證影本或有效之中華民國護照、入國證明文件或其他身分證明文件影本、原登記之印鑑、法定代理人之印章。法定代理人有數人，由其中一人代為申請者，並應附繳其他法定代理人之身分證明文件影本及委任書或同意書。（三）注意事項當事人在國外委任辦理者，其委任書或授權書，應經我駐外使館或代表處、辦事處驗證（在大陸地區或香港、澳門作成者，應經行政院設立或指定之機構或委託之民間團體驗證），並應載明請領份數。在營軍人得由所屬連級以上部隊長核轉其印鑑登記機關辦理，或經所屬連級以上部隊長證明身分後出具委任書委任他人代辦。矯正機關收容人得由矯正機關核轉其印鑑登記機關辦理，或經矯正機關證明身分後出具委任書委任他人代辦。意識清楚之重大疾病患者或不能行走者，得檢具醫師或村（里）長之證明書出具申請書及委任書委任他人代辦。在指定隔離治療機構施行隔離治療之病患，得由醫療機構核轉其印鑑登記機關辦理，或經指定隔離治療機構證明身分後出具委任書委任他人代辦。無行為能力人或限制行為能力人由法定代理人代辦。隨船航行之船員，無法取得我國駐外使領館、代表處、辦事處（以下簡稱駐外館處）、行政院設立或指定之機構或委託之民間團體驗證者，得向其隸屬船舶公司或代理行取得證明書後委任他人代辦。當事人出具經法院或民間公證人公證或認證之委任書委任他人代辦。當事人得申請於印鑑證明上載明申請目的。附繳身分證明文件說明：（1）身分證明文件：指國民身分證、外僑居留證、臺灣地區居留證、有效之中華民國護照、入國證明文件或其他身分證明文件。（2）入國證明文件：指入國證明書或入國許可證副本。（四）規費按件繳納工本費，其費額由直轄市、縣（市）政府定之。（五）受理戶政事務所戶籍地戶政事務所。已建置印鑑數位化系統之直轄市、縣（市）政府，得由所轄任一戶政事務所受理申請。（詳情請洽詢戶籍地戶政事務所）。（一）申請人當事人受委任人法定代理人（二）應備證件當事人（法定代理人）親自辦理者，應繳驗國民身分證、原登記之印鑑；但在國內曾設有戶籍國民旅居國外、大陸地區或香港、澳門未請領現行國民身分證者，繳驗有效之中華民國護照、入國證明文件或其他身分證明文件。委任他人辦理者，受委任人應繳驗身分證明文件，並附繳委任書（委任書須由委任人親自簽名或蓋章並註明請領份數）、授權書或同意書（如僅由法定代理人之一方代理者，應出具另一方之同意書），及委任人原登記之印鑑、委任人國民身分證影本或有效之中華民國護照、入國證明文件或其他身分證明文件影本、委任人印章。法定代理人辦理者，法定代理人應繳驗身分證明文件，並附繳當事人國民身分證影本或有效之中華民國護照、入國證明文件或其他身分證明文件影本、原登記之印鑑、法定代理人之印章。法定代理人有數人，由其中一人代為申請者，並應附繳其他法定代理人之身分證明文件影本及委任書或同意書。（三）注意事項當事人在國外委任辦理者，其委任書或授權書，應經我駐外使館或代表處、辦事處驗證（在大陸地區或香港、澳門作成者，應經行政院設立或指定之機構或委託之民間團體驗證），並應載明請領份數。在營軍人得由所屬連級以上部隊長核轉其印鑑登記機關辦理，或經所屬連級以上部隊長證明身分後出具委任書委任他人代辦。矯正機關收容人得由矯正機關核轉其印鑑登記機關辦理，或經矯正機關證明身分後出具委任書委任他人代辦。意識清楚之重大疾病患者或不能行走者，得檢具醫師或村（里）長之證明書出具申請書及委任書委任他人代辦。在指定隔離治療機構施行隔離治療之病患，得由醫療機構核轉其印鑑登記機關辦理，或經指定隔離治療機構證明身分後出具委任書委任他人代辦。無行為能力人或限制行為能力人由法定代理人代辦。隨船航行之船員，無法取得我國駐外使領館、代表處、辦事處（以下簡稱駐外館處）、行政院設立或指定之機構或委託之民間團體驗證者，得向其隸屬船舶公司或代理行取得證明書後委任他人代辦。當事人出具經法院或民間公證人公證或認證之委任書委任他人代辦。當事人得申請於印鑑證明上載明申請目的。附繳身分證明文件說明：（1）身分證明文件：指國民身分證、外僑居留證、臺灣地區居留證、有效之中華民國護照、入國證明文件或其他身分證明文件。（2）入國證明文件：指入國證明書或入國許可證副本。（四）規費按件繳納工本費，其費額由直轄市、縣（市）政府定之。（五）受理戶政事務所戶籍地戶政事務所。已建置印鑑數位化系統之直轄市、縣（市）政府，得由所轄任一戶政事務所受理申請。（詳情請洽詢戶籍地戶政事務所）。當事人受委任人法定代理人當事人（法定代理人）親自辦理者，應繳驗國民身分證、原登記之印鑑；但在國內曾設有戶籍國民旅居國外、大陸地區或香港、澳門未請領現行國民身分證者，繳驗有效之中華民國護照、入國證明文件或其他身分證明文件。委任他人辦理者，受委任人應繳驗身分證明文件，並附繳委任書（委任書須由委任人親自簽名或蓋章並註明請領份數）、授權書或同意書（如僅由法定代理人之一方代理者，應出具另一方之同意書），及委任人原登記之印鑑、委任人國民身分證影本或有效之中華民國護照、入國證明文件或其他身分證明文件影本、委任人印章。法定代理人辦理者，法定代理人應繳驗身分證明文件，並附繳當事人國民身分證影本或有效之中華民國護照、入國證明文件或其他身分證明文件影本、原登記之印鑑、法定代理人之印章。法定代理人有數人，由其中一人代為申請者，並應附繳其他法定代理人之身分證明文件影本及委任書或同意書。當事人在國外委任辦理者，其委任書或授權書，應經我駐外使館或代表處、辦事處驗證（在大陸地區或香港、澳門作成者，應經行政院設立或指定之機構或委託之民間團體驗證），並應載明請領份數。在營軍人得由所屬連級以上部隊長核轉其印鑑登記機關辦理，或經所屬連級以上部隊長證明身分後出具委任書委任他人代辦。矯正機關收容人得由矯正機關核轉其印鑑登記機關辦理，或經矯正機關證明身分後出具委任書委任他人代辦。意識清楚之重大疾病患者或不能行走者，得檢具醫師或村（里）長之證明書出具申請書及委任書委任他人代辦。在指定隔離治療機構施行隔離治療之病患，得由醫療機構核轉其印鑑登記機關辦理，或經指定隔離治療機構證明身分後出具委任書委任他人代辦。無行為能力人或限制行為能力人由法定代理人代辦。隨船航行之船員，無法取得我國駐外使領館、代表處、辦事處（以下簡稱駐外館處）、行政院設立或指定之機構或委託之民間團體驗證者，得向其隸屬船舶公司或代理行取得證明書後委任他人代辦。當事人出具經法院或民間公證人公證或認證之委任書委任他人代辦。當事人得申請於印鑑證明上載明申請目的。附繳身分證明文件說明：（1）身分證明文件：指國民身分證、外僑居留證、臺灣地區居留證、有效之中華民國護照、入國證明文件或其他身分證明文件。（2）入國證明文件：指入國證明書或入國許可證副本。（1）身分證明文件：指國民身分證、外僑居留證、臺灣地區居留證、有效之中華民國護照、入國證明文件或其他身分證明文件。（2）入國證明文件：指入國證明書或入國許可證副本。按件繳納工本費，其費額由直轄市、縣（市）政府定之。戶籍地戶政事務所。已建置印鑑數位化系統之直轄市、縣（市）政府，得由所轄任一戶政事務所受理申請。（詳情請洽詢戶籍地戶政事務所）。
印鑑登記及印鑑證明業務,Q02.印鑑證明有時效性嗎？,一、依據「戶政事務所辦理印鑑登記作業規定」第4點第2項：「戶政事務所於有效期間內核發之印鑑證明，其使用期限及效力由各需用機關（構）自行審認。」二、戶政事務所核發之印鑑證明原則上無時效性，視所需使用機關而定。
印鑑登記及印鑑證明業務,Q03.本人受國外親友委任辦理印鑑證明但授權書上書明辦理印鑑證明20份，可是目前只需用10份，其餘可否分次領取？,（一）授權書「已」註明「授權期間及授權請領份數」者，得於授權期間內，分多次領足授權書上所載之印鑑證明份數，逾期未領取授權份數者，不予核發。（二）授權書「未」註明「授權期間及授權請領份數」者，可由受委任人以書面具結，並以1次為限，發給應使用之印鑑證明份數。（三）授權書「已」註明「授權期間」，「未」註明「授權份數」者，僅得於授權期間內辦理，核發應使用之印鑑證明，以1次為限。（四）授權書「未」註明「授權期間」，「已」註明「授權份數」者，於委任關係存續中，得分批領足。
印鑑登記及印鑑證明業務,Q04.當事人在國外可以委任他人辦理印鑑嗎？,一、可以，當事人得委任他人向出國前之戶籍地戶政事務所辦理。二、當事人在國外委任他人代辦印鑑，「受委任人」應攜帶：(一)國民身分證。(二)印章(或簽名)。(三)委任人所出具經我駐外使領館或代辦機構驗證之授權書正本（書明授權何人、事項及份數；委任書在大陸地區或香港、澳門作成者，應經行政院設立或指定之機構或委託之民間團體(海基會)驗證始可採認）。(四)委任人之印鑑章。(五)委任人之國民身分證影本，但委任人但在國內曾設有戶籍國民旅居國外、大陸地區或香港、澳門未請領現行國民身分證者，繳驗有效之中華民國護照、入國證明文件或其他身分證明文件。(一)國民身分證。(二)印章(或簽名)。(三)委任人所出具經我駐外使領館或代辦機構驗證之授權書正本（書明授權何人、事項及份數；委任書在大陸地區或香港、澳門作成者，應經行政院設立或指定之機構或委託之民間團體(海基會)驗證始可採認）。(四)委任人之印鑑章。(五)委任人之國民身分證影本，但委任人但在國內曾設有戶籍國民旅居國外、大陸地區或香港、澳門未請領現行國民身分證者，繳驗有效之中華民國護照、入國證明文件或其他身分證明文件。
印鑑登記及印鑑證明業務,Q05.已廢止或遺失之印鑑章再尋回，可否申請為新印鑑或再辦印鑑變更，回復使用？,可。依現行法令尚無限制。
印鑑登記及印鑑證明業務,Q06.受監護人，可否由監護人代為申請印鑑證明？,一、經法院裁判監護宣告後，監護人得代為申請受監護人之印鑑登記及印鑑證明。二、監護人應攜帶國民身分證正本、印章（或簽名）、受監護人國民身分證影本或有效之中華民國護照、入國證明文件或其他身分證明文件影本及印鑑章，向受監護人戶籍地戶政事務所辦理。三、監護人有數人無法共同辦理時，應加附其他未到場監護人之身分證明文件影本及委任書或同意書；未到場之監護人出具之委任書或同意書，如係於出境期間在國外作成者，應經我國駐外館處驗證；在大陸地區或香港、澳門作成者，應經行政院設立或指定之機構或委託之民間團體驗證。
印鑑登記及印鑑證明業務,Q07.未成年可以辦理印鑑證明嗎？,一、未成年人須由法定代理人（父母雙方）辦理。二、法定代理人應攜帶國民身分證正本、印章（或簽名）、未成年人國民身分證影本或有效之中華民國護照、入國證明文件或其他身分證明文件影本及印鑑章，向未成年人戶籍地戶政事務所辦理。三、父或母無法共同辦理時，應加附他方未到場者之身分證明文件影本及委任書或同意書；未到場之法定代理人出具之委任書或同意書，如係於出境期間在國外作成者，應經我國駐外館處驗證；在大陸地區或香港、澳門作成者，應經行政院設立或指定之機構或委託之民間團體驗證。
印鑑登記及印鑑證明業務,Q08.矯正機關收容人之印鑑登記（證明），如何辦理？,矯正機關收容人得由矯正機關核轉其印鑑登記機關辦理，或經矯正機關證明身分後出具委任書委任他人代辦。
國籍類,Q1.外國人如何申請自願歸化我國國籍及申請國民身分證？,"一、外國人現於中華民國領域內有住所，並具備下列各款要件者，得依國籍法第3條規定申請自願歸化我國國籍：於中華民國領域內，每年合計有183日以上合法居留之事實繼續5年以上。依中華民國法律及其本國法均有行為能力。無不良素行，且無警察刑事紀錄證明之刑事案件紀錄。有相當之財產或專業技能，足以自立，或生活保障無虞。備我國基本語言能力及國民權利義務基本常識。於中華民國領域內，每年合計有183日以上合法居留之事實繼續5年以上。依中華民國法律及其本國法均有行為能力。無不良素行，且無警察刑事紀錄證明之刑事案件紀錄。有相當之財產或專業技能，足以自立，或生活保障無虞。備我國基本語言能力及國民權利義務基本常識。二、外國人申請自願歸化我國國籍，應由本人親自向國內住所地戶政事務所申請，層轉直轄市、縣（市）政府轉內政部許可。合法有效之外僑居留證或外僑永久居留證。請向居留地之內政部移民署服務站申請，居留期限屆滿前30日內，請先申請延長居留期限。外國人居留證明書（戶政機關代查）：自申請歸化時，往前推算須符合本法每年合計有183日以上合法居留之事實連續且不中斷5年以上，逾期居留期間未達30日者，視為居留期間連續不中斷，但不列入合法居留日數之計算。下列各款事由之一為居留原因者，其居留期間亦不列入合法居留期間之計算：經勞動部許可從事就業服務法第46條第1項第8款至第10款規定之工作。在臺灣地區就學。經有關機關請求內政部移民署禁止其出國。喪失原國籍，尚未取得我國國籍，等待回復原國籍。因發生勞資爭議正在進行爭訟程序。因職業災害需接受治療。為刑事案件之被害人、證人。以前7款之人為依親對象。原屬國政府核發之警察紀錄證明或其他相關證明文件。（1）向原屬國政府申請，核發日期須在申請日前6個月內，原屬國政府核發日期以後，申請人入境有再出境相當時日，經主管機關認有疑慮者，得請當事人繳交出境期間無犯罪紀錄證明。（2）申請人為我國人配偶，已取得外僑永久居留證，或其外僑居留證居留事由載明為「依親（夫或妻）」者，得免附。（3）申請人曾為我國人配偶，其婚姻關係消滅後，無出境者，得免附。相當之財產或專業技能，足以自立，或生活保障無虞之證明。（金額之計算，包含在國內設有戶籍之配偶、配偶之父母或父母之收入或財產）（已取得外僑永久居留證者，得免附）（1）最近1年於國內平均每月收入逾勞動部公告基本工資2倍證明。（得檢附最近1年度各類所得扣繳暨免扣繳憑單、納稅證明書、雇主開立聘雇期間載明薪資所得及轉帳薪資資料證明或其他相關證明文件）。（2）國內之動產及不動產估價總值逾新臺幣500萬元。（3）我國政府機關核發之專門職業及技術人員或技能檢定證明文件。（證明文件，係在臺灣地區配偶、配偶之父母或父母之一所有者，該等人員並應出具足以保障申請人在國內生活無虞之擔保證明書）。具備歸化取得我國國籍者基本語言能力及國民權利義務基本常識證明文件。（1）曾就讀國內公私立各級各類學校1年以上之證明。（2）曾參加國內政府機關所開設之課程上課總時數或累計時數達200小時以上之證明；「為中華民國國民配偶，因受家庭暴力離婚且未再婚，或其配偶死亡後未再婚且有事實足認與其亡故配偶之親屬仍有往來，但與其亡故配偶婚姻關係已存續2年以上者，不受與親屬仍有往來之限制」、「對無行為能力、或限制行為能力之中華民國國籍子女，有扶養事實、行使負擔權利義務或會面交往」或年滿65歲以上者，72小時以上。（3）參加歸化取得我國國籍者基本語言能力及國民權利義務基本常識測試之合格證明，70分以上；「為中華民國國民配偶，因受家庭暴力離婚且未再婚，或其配偶死亡後未再婚且有事實足認與其亡故配偶之親屬仍有往來，但與其亡故配偶婚姻關係已存續2年以上者，不受與親屬仍有往來之限制」、「對無行為能力、或限制行為能力之中華民國國籍子女，有扶養事實、行使負擔權利義務或會面交往」者，60分以上，年滿65歲以上者，50分以上（曾參加歸化測試者得免附成績單，由戶政機關代查）。因非可歸責於當事人之事由，致無法取得喪失原有國籍證明，由外交機關出具查證屬實之文書正本。無國籍人應檢附內政部移民署核發載有「無國籍」之外僑（永久）居留證外，並請檢附其他身分證明文件，如外國政府核發載明無國籍之旅行身分證件正本（驗畢後，由受理機關發還，基本資料頁請參閱備註3辦理）或其他經內政部認定之無國籍證明文件。歸化國籍之高級專業人才推薦理由書（由中央目的事業主管機關推薦）。最近2年內所拍攝正面彩色脫帽相片1張（同國民身分證相片規格，背面書寫姓名）。證書費新臺幣1,200元（請以郵政匯票繳交，受款人：內政部）。備註：（1）外國人申請歸化，應於許可歸化之日起，或依原屬國法令須滿一定法定年齡始得喪失原有國籍者自滿一定年齡之日起，1年內提出喪失原有國籍證明。屆期未提出者，經外交部查證因原屬國法律或行政程序限制屬實，得申請展延時限外，內政部將撤銷歸化許可，另未依規定提出喪失原有國籍證明前，不予許可定居。（2）外國人如係依國籍法第9條規定由中央目的事業主管機關推薦科技、經濟、教育、文化、藝術、體育及其他領域之高級專業人才，有助我國利益，經內政部邀請社會公正人士及相關機關共同審核通過者；或因非可歸責於當事人之事由，致無法取得喪失原有國籍證明，且經外交機關查證屬實者，免提出喪失原有國籍證明。（3）應繳證件係在國外作成者，應經我國駐外館處驗證及外交部複驗；其在國內由外國駐我國使領館或授權機構製作者，應經外交部驗證。文件為外文者，應檢附經駐外館處驗證及外交部複驗或國內公證人認證之中文譯本。（4）依姓名條例規定，外國人、無國籍人申請歸化我國國籍者，取用中文姓名，應符合我國國民使用姓名之習慣。取用中文姓名，應依下列方式為之：姓氏在前，名字在後。但無姓氏者，得登記名字。中文姓氏與名字之間不得以空格或符號區隔。（5）國籍法105年12月21日修正公布施行前，於申請準歸化國籍證明時已檢附下列文件，並符合條件者，得免附下列文件：外國人居留證明書：未逾原檢附之外國人居留證明書上所載之居留 期限者。原屬國政府核發之警察紀錄證明或其他相關證明文件：申請準歸化國籍證明時已檢附且未再出境者。生活保障無虞證明。基本語言能力及國民權利義務基本常識證明文件。合法有效之外僑居留證或外僑永久居留證。請向居留地之內政部移民署服務站申請，居留期限屆滿前30日內，請先申請延長居留期限。外國人居留證明書（戶政機關代查）：自申請歸化時，往前推算須符合本法每年合計有183日以上合法居留之事實連續且不中斷5年以上，逾期居留期間未達30日者，視為居留期間連續不中斷，但不列入合法居留日數之計算。下列各款事由之一為居留原因者，其居留期間亦不列入合法居留期間之計算：經勞動部許可從事就業服務法第46條第1項第8款至第10款規定之工作。在臺灣地區就學。經有關機關請求內政部移民署禁止其出國。喪失原國籍，尚未取得我國國籍，等待回復原國籍。因發生勞資爭議正在進行爭訟程序。因職業災害需接受治療。為刑事案件之被害人、證人。以前7款之人為依親對象。經勞動部許可從事就業服務法第46條第1項第8款至第10款規定之工作。在臺灣地區就學。經有關機關請求內政部移民署禁止其出國。喪失原國籍，尚未取得我國國籍，等待回復原國籍。因發生勞資爭議正在進行爭訟程序。因職業災害需接受治療。為刑事案件之被害人、證人。以前7款之人為依親對象。原屬國政府核發之警察紀錄證明或其他相關證明文件。（1）向原屬國政府申請，核發日期須在申請日前6個月內，原屬國政府核發日期以後，申請人入境有再出境相當時日，經主管機關認有疑慮者，得請當事人繳交出境期間無犯罪紀錄證明。（2）申請人為我國人配偶，已取得外僑永久居留證，或其外僑居留證居留事由載明為「依親（夫或妻）」者，得免附。（3）申請人曾為我國人配偶，其婚姻關係消滅後，無出境者，得免附。（1）向原屬國政府申請，核發日期須在申請日前6個月內，原屬國政府核發日期以後，申請人入境有再出境相當時日，經主管機關認有疑慮者，得請當事人繳交出境期間無犯罪紀錄證明。（2）申請人為我國人配偶，已取得外僑永久居留證，或其外僑居留證居留事由載明為「依親（夫或妻）」者，得免附。（3）申請人曾為我國人配偶，其婚姻關係消滅後，無出境者，得免附。相當之財產或專業技能，足以自立，或生活保障無虞之證明。（金額之計算，包含在國內設有戶籍之配偶、配偶之父母或父母之收入或財產）（已取得外僑永久居留證者，得免附）（1）最近1年於國內平均每月收入逾勞動部公告基本工資2倍證明。（得檢附最近1年度各類所得扣繳暨免扣繳憑單、納稅證明書、雇主開立聘雇期間載明薪資所得及轉帳薪資資料證明或其他相關證明文件）。（2）國內之動產及不動產估價總值逾新臺幣500萬元。（3）我國政府機關核發之專門職業及技術人員或技能檢定證明文件。（證明文件，係在臺灣地區配偶、配偶之父母或父母之一所有者，該等人員並應出具足以保障申請人在國內生活無虞之擔保證明書）。（1）最近1年於國內平均每月收入逾勞動部公告基本工資2倍證明。（得檢附最近1年度各類所得扣繳暨免扣繳憑單、納稅證明書、雇主開立聘雇期間載明薪資所得及轉帳薪資資料證明或其他相關證明文件）。（2）國內之動產及不動產估價總值逾新臺幣500萬元。（3）我國政府機關核發之專門職業及技術人員或技能檢定證明文件。（證明文件，係在臺灣地區配偶、配偶之父母或父母之一所有者，該等人員並應出具足以保障申請人在國內生活無虞之擔保證明書）。具備歸化取得我國國籍者基本語言能力及國民權利義務基本常識證明文件。（1）曾就讀國內公私立各級各類學校1年以上之證明。（2）曾參加國內政府機關所開設之課程上課總時數或累計時數達200小時以上之證明；「為中華民國國民配偶，因受家庭暴力離婚且未再婚，或其配偶死亡後未再婚且有事實足認與其亡故配偶之親屬仍有往來，但與其亡故配偶婚姻關係已存續2年以上者，不受與親屬仍有往來之限制」、「對無行為能力、或限制行為能力之中華民國國籍子女，有扶養事實、行使負擔權利義務或會面交往」或年滿65歲以上者，72小時以上。（3）參加歸化取得我國國籍者基本語言能力及國民權利義務基本常識測試之合格證明，70分以上；「為中華民國國民配偶，因受家庭暴力離婚且未再婚，或其配偶死亡後未再婚且有事實足認與其亡故配偶之親屬仍有往來，但與其亡故配偶婚姻關係已存續2年以上者，不受與親屬仍有往來之限制」、「對無行為能力、或限制行為能力之中華民國國籍子女，有扶養事實、行使負擔權利義務或會面交往」者，60分以上，年滿65歲以上者，50分以上（曾參加歸化測試者得免附成績單，由戶政機關代查）。（1）曾就讀國內公私立各級各類學校1年以上之證明。（2）曾參加國內政府機關所開設之課程上課總時數或累計時數達200小時以上之證明；「為中華民國國民配偶，因受家庭暴力離婚且未再婚，或其配偶死亡後未再婚且有事實足認與其亡故配偶之親屬仍有往來，但與其亡故配偶婚姻關係已存續2年以上者，不受與親屬仍有往來之限制」、「對無行為能力、或限制行為能力之中華民國國籍子女，有扶養事實、行使負擔權利義務或會面交往」或年滿65歲以上者，72小時以上。（3）參加歸化取得我國國籍者基本語言能力及國民權利義務基本常識測試之合格證明，70分以上；「為中華民國國民配偶，因受家庭暴力離婚且未再婚，或其配偶死亡後未再婚且有事實足認與其亡故配偶之親屬仍有往來，但與其亡故配偶婚姻關係已存續2年以上者，不受與親屬仍有往來之限制」、「對無行為能力、或限制行為能力之中華民國國籍子女，有扶養事實、行使負擔權利義務或會面交往」者，60分以上，年滿65歲以上者，50分以上（曾參加歸化測試者得免附成績單，由戶政機關代查）。因非可歸責於當事人之事由，致無法取得喪失原有國籍證明，由外交機關出具查證屬實之文書正本。無國籍人應檢附內政部移民署核發載有「無國籍」之外僑（永久）居留證外，並請檢附其他身分證明文件，如外國政府核發載明無國籍之旅行身分證件正本（驗畢後，由受理機關發還，基本資料頁請參閱備註3辦理）或其他經內政部認定之無國籍證明文件。歸化國籍之高級專業人才推薦理由書（由中央目的事業主管機關推薦）。最近2年內所拍攝正面彩色脫帽相片1張（同國民身分證相片規格，背面書寫姓名）。證書費新臺幣1,200元（請以郵政匯票繳交，受款人：內政部）。備註：（1）外國人申請歸化，應於許可歸化之日起，或依原屬國法令須滿一定法定年齡始得喪失原有國籍者自滿一定年齡之日起，1年內提出喪失原有國籍證明。屆期未提出者，經外交部查證因原屬國法律或行政程序限制屬實，得申請展延時限外，內政部將撤銷歸化許可，另未依規定提出喪失原有國籍證明前，不予許可定居。（2）外國人如係依國籍法第9條規定由中央目的事業主管機關推薦科技、經濟、教育、文化、藝術、體育及其他領域之高級專業人才，有助我國利益，經內政部邀請社會公正人士及相關機關共同審核通過者；或因非可歸責於當事人之事由，致無法取得喪失原有國籍證明，且經外交機關查證屬實者，免提出喪失原有國籍證明。（3）應繳證件係在國外作成者，應經我國駐外館處驗證及外交部複驗；其在國內由外國駐我國使領館或授權機構製作者，應經外交部驗證。文件為外文者，應檢附經駐外館處驗證及外交部複驗或國內公證人認證之中文譯本。（4）依姓名條例規定，外國人、無國籍人申請歸化我國國籍者，取用中文姓名，應符合我國國民使用姓名之習慣。取用中文姓名，應依下列方式為之：姓氏在前，名字在後。但無姓氏者，得登記名字。中文姓氏與名字之間不得以空格或符號區隔。（5）國籍法105年12月21日修正公布施行前，於申請準歸化國籍證明時已檢附下列文件，並符合條件者，得免附下列文件：外國人居留證明書：未逾原檢附之外國人居留證明書上所載之居留 期限者。原屬國政府核發之警察紀錄證明或其他相關證明文件：申請準歸化國籍證明時已檢附且未再出境者。生活保障無虞證明。基本語言能力及國民權利義務基本常識證明文件。（1）外國人申請歸化，應於許可歸化之日起，或依原屬國法令須滿一定法定年齡始得喪失原有國籍者自滿一定年齡之日起，1年內提出喪失原有國籍證明。屆期未提出者，經外交部查證因原屬國法律或行政程序限制屬實，得申請展延時限外，內政部將撤銷歸化許可，另未依規定提出喪失原有國籍證明前，不予許可定居。（2）外國人如係依國籍法第9條規定由中央目的事業主管機關推薦科技、經濟、教育、文化、藝術、體育及其他領域之高級專業人才，有助我國利益，經內政部邀請社會公正人士及相關機關共同審核通過者；或因非可歸責於當事人之事由，致無法取得喪失原有國籍證明，且經外交機關查證屬實者，免提出喪失原有國籍證明。（3）應繳證件係在國外作成者，應經我國駐外館處驗證及外交部複驗；其在國內由外國駐我國使領館或授權機構製作者，應經外交部驗證。文件為外文者，應檢附經駐外館處驗證及外交部複驗或國內公證人認證之中文譯本。（4）依姓名條例規定，外國人、無國籍人申請歸化我國國籍者，取用中文姓名，應符合我國國民使用姓名之習慣。取用中文姓名，應依下列方式為之：姓氏在前，名字在後。但無姓氏者，得登記名字。中文姓氏與名字之間不得以空格或符號區隔。姓氏在前，名字在後。但無姓氏者，得登記名字。中文姓氏與名字之間不得以空格或符號區隔。（5）國籍法105年12月21日修正公布施行前，於申請準歸化國籍證明時已檢附下列文件，並符合條件者，得免附下列文件：外國人居留證明書：未逾原檢附之外國人居留證明書上所載之居留 期限者。原屬國政府核發之警察紀錄證明或其他相關證明文件：申請準歸化國籍證明時已檢附且未再出境者。生活保障無虞證明。基本語言能力及國民權利義務基本常識證明文件。外國人居留證明書：未逾原檢附之外國人居留證明書上所載之居留 期限者。原屬國政府核發之警察紀錄證明或其他相關證明文件：申請準歸化國籍證明時已檢附且未再出境者。生活保障無虞證明。基本語言能力及國民權利義務基本常識證明文件。三、請領中華民國國民身分證程序：申請人歸化取得我國國籍後，得依「入出國及移民法」第9條第1項第3款規定向本部移民署（以下稱移民署）服務站申請居留，經許可者，發給臺灣地區居留證。自移民署核准居留日起連續居留1年；或居留滿2年且每年居住270日以上；或居留滿5年且每年居住183日以上，得依「入出國及移民法」第 10條規定向移民署申請定居，經許可後，憑臺灣地區定居證向預定申報戶籍地戶政事務所辦理初設戶籍登記，同時請領國民身分證。申請人歸化取得我國國籍後，得依「入出國及移民法」第9條第1項第3款規定向本部移民署（以下稱移民署）服務站申請居留，經許可者，發給臺灣地區居留證。自移民署核准居留日起連續居留1年；或居留滿2年且每年居住270日以上；或居留滿5年且每年居住183日以上，得依「入出國及移民法」第 10條規定向移民署申請定居，經許可後，憑臺灣地區定居證向預定申報戶籍地戶政事務所辦理初設戶籍登記，同時請領國民身分證。"
國籍類,Q2.外國人（包含外籍配偶）申請歸化我國國籍時，為何應具備我國基本語言能力及國民權利義務基本常識之要件？如何取得該項證明文件？,一、曾就讀國內公私立各級各類學校1年以上之證明。二、曾參加國內政府機關所開設之課程（包括國內政府機關自行、委託或補助機構、團體、學校辦理之各種課程）上課時數證明：一般歸化者（依國籍法第3條第1項申請歸化者）：200小時以上之證明。特殊歸化者：72小時以上之證明。（1）為中華民國國民之配偶。（2）為中華民國國民配偶，因受家庭暴力離婚且未再婚；或其配偶死亡後未再婚且有事實足認與其亡故配偶之親屬仍有往來，但與其亡故配偶婚姻關係已存續2年以上者，不受與親屬仍有往來之限制。（3）對無行為能力、或限制行為能力之中華民國國籍子女，有扶養事實、行使負擔權利義務或會面交往。（4）依國籍法第3條第1項、第4條第1項或第5條申請歸化，且年滿65歲者。其他特殊歸化者：100小時以上之證明。（1）父或母現為或曾為中華民國國民。（2）為中華民國國民之養子女。（3）出生於中華民國領域內。（4）為中華民國國民之監護人或輔助人。（5）出生於中華民國領域內，其父或母亦出生於中華民國領域內。（6）曾在中華民國領域內合法居留繼續10年以上。一般歸化者（依國籍法第3條第1項申請歸化者）：200小時以上之證明。特殊歸化者：72小時以上之證明。（1）為中華民國國民之配偶。（2）為中華民國國民配偶，因受家庭暴力離婚且未再婚；或其配偶死亡後未再婚且有事實足認與其亡故配偶之親屬仍有往來，但與其亡故配偶婚姻關係已存續2年以上者，不受與親屬仍有往來之限制。（3）對無行為能力、或限制行為能力之中華民國國籍子女，有扶養事實、行使負擔權利義務或會面交往。（4）依國籍法第3條第1項、第4條第1項或第5條申請歸化，且年滿65歲者。（1）為中華民國國民之配偶。（2）為中華民國國民配偶，因受家庭暴力離婚且未再婚；或其配偶死亡後未再婚且有事實足認與其亡故配偶之親屬仍有往來，但與其亡故配偶婚姻關係已存續2年以上者，不受與親屬仍有往來之限制。（3）對無行為能力、或限制行為能力之中華民國國籍子女，有扶養事實、行使負擔權利義務或會面交往。（4）依國籍法第3條第1項、第4條第1項或第5條申請歸化，且年滿65歲者。其他特殊歸化者：100小時以上之證明。（1）父或母現為或曾為中華民國國民。（2）為中華民國國民之養子女。（3）出生於中華民國領域內。（4）為中華民國國民之監護人或輔助人。（5）出生於中華民國領域內，其父或母亦出生於中華民國領域內。（6）曾在中華民國領域內合法居留繼續10年以上。（1）父或母現為或曾為中華民國國民。（2）為中華民國國民之養子女。（3）出生於中華民國領域內。（4）為中華民國國民之監護人或輔助人。（5）出生於中華民國領域內，其父或母亦出生於中華民國領域內。（6）曾在中華民國領域內合法居留繼續10年以上。一、一般歸化者（依國籍法第3條第1項申請歸化者）：總分70以上。二、特殊歸化者：總分60分以上。為中華民國國民之配偶。為中華民國國民配偶，因受家庭暴力離婚且未再婚；或其配偶死亡後未再婚且有事實足認與其亡故配偶之親屬仍有往來，但與其亡故配偶婚姻關係已存續2年以上者，不受與親屬仍有往來之限制。對無行為能力、或限制行為能力之中華民國國籍子女，有扶養事實、行使負擔權利義務或會面交往。父或母現為或曾為中華民國國民。為中華民國國民之養子女。出生於中華民國領域內。為中華民國國民之監護人或輔助人。出生於中華民國領域內，其父或母亦出生於中華民國領域內。曾在中華民國領域內合法居留繼續10年以上。為中華民國國民之配偶。為中華民國國民配偶，因受家庭暴力離婚且未再婚；或其配偶死亡後未再婚且有事實足認與其亡故配偶之親屬仍有往來，但與其亡故配偶婚姻關係已存續2年以上者，不受與親屬仍有往來之限制。對無行為能力、或限制行為能力之中華民國國籍子女，有扶養事實、行使負擔權利義務或會面交往。父或母現為或曾為中華民國國民。為中華民國國民之養子女。出生於中華民國領域內。為中華民國國民之監護人或輔助人。出生於中華民國領域內，其父或母亦出生於中華民國領域內。曾在中華民國領域內合法居留繼續10年以上。三、其他特殊歸化者（依國籍法第3條第1項、第4條第1項或第5條申請歸化，且年滿65歲者）：總分50分以上。
國籍類,Q3.以我國國民之配偶身分申請歸化國籍及喪失我國國籍後申請回復國籍者，須提憑何種生活保障證明辦理？,一、以我國國民之配偶身分申請歸化國籍者，免附「相當之財產或專業技能，生活自立，或生活保障無虞」證明文件。二、依國籍法第4條第1項第2款、第3款規定申請歸化國籍者及喪失我國國籍後申請回復國籍者，其應具備「相當之財產或專業技能，生活自立，或生活保障無虞」之要件，依同法施行細則第7條第1項第1款規定係指：國內之收入、納稅、動產或不動產資料。雇主開立之聘僱證明或申請人自行以書面敘明其工作內容及所得。我國政府機關核發之專門職業及技術人員或技能檢定證明文件。其他足資證明足以自立或生活保障無虞之資料。國內之收入、納稅、動產或不動產資料。雇主開立之聘僱證明或申請人自行以書面敘明其工作內容及所得。我國政府機關核發之專門職業及技術人員或技能檢定證明文件。其他足資證明足以自立或生活保障無虞之資料。三、檢附上揭1、2、4之文件，包含申請人及其在國內設有戶籍，且未領取生活扶助之下列人員所檢附者：配偶。配偶之父母。父母。配偶。配偶之父母。父母。四、檢附上揭二、3.文件，包含申請人及其在國內設有戶籍之下列人員所檢附者；如為下列人員檢附，並應出具足以保障申請人在國內生活無虞之擔保證明書：配偶。配偶之父母。父母。配偶。配偶之父母。父母。
國籍類,Q4.外國人（不含我國國民之配偶）申請歸化我國國籍，須提憑何種生活保障證明辦理？,一、依國籍法第3條第1項第4款規定，應具備「相當之財產或專業技能，生活自立，或生活保障無虞」之要件，依同法施行細則第7條第1項第2款規定係指：最近1年於國內平均每月收入逾勞動部公告基本工資2倍者。國內之動產及不動產估價總值逾新臺幣500萬元者。我國政府機關核發之專門職業及技術人員或技能檢定證明文件。入出國及移民法第25條第3項第2款所定為我國所需高級專業人才，經許可在臺灣地區永久居留。其他經內政部認定者。最近1年於國內平均每月收入逾勞動部公告基本工資2倍者。國內之動產及不動產估價總值逾新臺幣500萬元者。我國政府機關核發之專門職業及技術人員或技能檢定證明文件。入出國及移民法第25條第3項第2款所定為我國所需高級專業人才，經許可在臺灣地區永久居留。其他經內政部認定者。二、檢附上揭一、1.、2.之文件，包含申請人及其在國內設有戶籍之下列人員所檢附者：配偶。配偶之父母。父母。配偶。配偶之父母。父母。三、檢附上揭一、3.文件，包含申請人及其在國內設有戶籍之下列人員所檢附者；如為下列人員檢附，並應出具足以保障申請人在國內生活無虞之擔保證明書：配偶。配偶之父母。父母。配偶。配偶之父母。父母。
國籍類,Q5.如何申請喪失中華民國國籍？另不得為喪失國籍許可之情形又為何？,"一、申請喪失我國國籍之要件：依國籍法第11條規定，中華民國國民有下列各款情形之一者，經內政部許可，喪失中華民國國籍：由外國籍父、母、養父或養母行使負擔權利義務或監護之無行為能力人或限制行為能力人，為取得同一國籍且隨同至中華民國領域外生活。為外國人之配偶。依中華民國法律有行為能力，自願取得外國國籍。但受輔助宣告者，應得其輔助人之同意。依前項規定喪失中華民國國籍者，其未成年子女，經內政部許可，隨同喪失中華民國國籍。由外國籍父、母、養父或養母行使負擔權利義務或監護之無行為能力人或限制行為能力人，為取得同一國籍且隨同至中華民國領域外生活。為外國人之配偶。依中華民國法律有行為能力，自願取得外國國籍。但受輔助宣告者，應得其輔助人之同意。依前項規定喪失中華民國國籍者，其未成年子女，經內政部許可，隨同喪失中華民國國籍。二、申請喪失我國國籍者，應填具申請書，並檢附下列文件辦理：具有我國國籍之證明（如國民身分證、戶口名簿、護照）。無欠繳稅捐及租稅罰鍰之證明，或請於申請書中勾選由戶政機關代為查明。廢止戶籍登記申請書：僑居國外現（曾）在國內設有戶籍者，申請喪失我國國籍時，應一併檢附廢止戶籍登記申請書，本人應親自簽章，並繳銷國民身分證，經內政部許可喪失國籍後，該廢止戶籍登記申請書將函送申請人戶籍地戶政事務所依戶籍法第24條及第62條規定辦理。未成年人附繳其法定代理人同意證明。僑居國外男性國民，有國籍法第12條第1款但書規定情形者，應檢附下列文件之一：（1）我國效期內護照已加簽為僑居身分。（2）役政用華僑身分證明書。其他相關身分證明文件。（1）相片1張（背面書寫姓名，比照國民身分證之相片規格式）。（2）證書費新臺幣1,200元 （請以郵政匯票繳交，受款人：內政部）；國外申請者，證書費每張收費美金 50 元（得以美金收費數額折算當地幣繳納）。※ 應繳證件係在國外作成者，應經我國駐外館處驗證及外交部複驗；其在國內由外國駐我國使領館或授權機構製作者，應經外交部驗證。文件為外文者，應檢附經駐外館處驗證及外交部複驗或國內公證人認證之中文譯本。※ 因不同喪失國籍事由提出申請，應檢附之文件不同，請參考本部戶政司全球資訊網-法規與申辦須知-國籍申辦須知-.國籍變更申請書暨提憑證件一覽表具有我國國籍之證明（如國民身分證、戶口名簿、護照）。無欠繳稅捐及租稅罰鍰之證明，或請於申請書中勾選由戶政機關代為查明。廢止戶籍登記申請書：僑居國外現（曾）在國內設有戶籍者，申請喪失我國國籍時，應一併檢附廢止戶籍登記申請書，本人應親自簽章，並繳銷國民身分證，經內政部許可喪失國籍後，該廢止戶籍登記申請書將函送申請人戶籍地戶政事務所依戶籍法第24條及第62條規定辦理。未成年人附繳其法定代理人同意證明。僑居國外男性國民，有國籍法第12條第1款但書規定情形者，應檢附下列文件之一：（1）我國效期內護照已加簽為僑居身分。（2）役政用華僑身分證明書。（1）我國效期內護照已加簽為僑居身分。（2）役政用華僑身分證明書。其他相關身分證明文件。（1）相片1張（背面書寫姓名，比照國民身分證之相片規格式）。（2）證書費新臺幣1,200元 （請以郵政匯票繳交，受款人：內政部）；國外申請者，證書費每張收費美金 50 元（得以美金收費數額折算當地幣繳納）。※ 應繳證件係在國外作成者，應經我國駐外館處驗證及外交部複驗；其在國內由外國駐我國使領館或授權機構製作者，應經外交部驗證。文件為外文者，應檢附經駐外館處驗證及外交部複驗或國內公證人認證之中文譯本。※ 因不同喪失國籍事由提出申請，應檢附之文件不同，請參考本部戶政司全球資訊網-法規與申辦須知-國籍申辦須知-.國籍變更申請書暨提憑證件一覽表（1）相片1張（背面書寫姓名，比照國民身分證之相片規格式）。（2）證書費新臺幣1,200元 （請以郵政匯票繳交，受款人：內政部）；國外申請者，證書費每張收費美金 50 元（得以美金收費數額折算當地幣繳納）。三、申請喪失我國國籍之程序：居住國內者，由本人(未成年人由法定代理人)親自向住所地戶政事務所申請，層轉直轄市、縣(市)政府轉本部許可；居住國外者，由本人親自向駐外館處申請，由駐外館處送外交部轉本部許可。本部許可喪失我國國籍後，將函請住所地直轄市、縣(市)政府依戶籍法第24條及第62條規定辦理廢止戶籍登記並繳還國民身分證。四、本部不得為喪失國籍許可之情形：依國籍法第12條規定，有下列各項情形之一，不得為喪失國籍許可：（1）男子年滿15歲之翌年1月1日起，未免除服兵役義務，尚未服兵役者。但僑居國外國民，在國外出生且於國內無戶籍者或在年滿15歲當年12月31以前遷出國外者，不在此限。（2）現役軍人。（3）現任中華民國公職者。依國籍法第13條規定，有下列各項情形之一，雖合於第11條之規定，仍不許可喪失國籍：（1）為偵查或審判中之刑事被告。（2）受有期徒刑以上刑之宣告，尚未執行完畢者。（3）為民事被告。（4）受強制執行，未終結者。（5）受破產之宣告，未復權者。（6）有滯納租稅或受租稅處分罰鍰未繳清者。依國籍法第12條規定，有下列各項情形之一，不得為喪失國籍許可：（1）男子年滿15歲之翌年1月1日起，未免除服兵役義務，尚未服兵役者。但僑居國外國民，在國外出生且於國內無戶籍者或在年滿15歲當年12月31以前遷出國外者，不在此限。（2）現役軍人。（3）現任中華民國公職者。（1）男子年滿15歲之翌年1月1日起，未免除服兵役義務，尚未服兵役者。但僑居國外國民，在國外出生且於國內無戶籍者或在年滿15歲當年12月31以前遷出國外者，不在此限。（2）現役軍人。（3）現任中華民國公職者。依國籍法第13條規定，有下列各項情形之一，雖合於第11條之規定，仍不許可喪失國籍：（1）為偵查或審判中之刑事被告。（2）受有期徒刑以上刑之宣告，尚未執行完畢者。（3）為民事被告。（4）受強制執行，未終結者。（5）受破產之宣告，未復權者。（6）有滯納租稅或受租稅處分罰鍰未繳清者。（1）為偵查或審判中之刑事被告。（2）受有期徒刑以上刑之宣告，尚未執行完畢者。（3）為民事被告。（4）受強制執行，未終結者。（5）受破產之宣告，未復權者。（6）有滯納租稅或受租稅處分罰鍰未繳清者。"
國籍類,Q6.我國國民經許可喪失我國國籍後，如欲申請回復我國國籍，應如何辦理？,"一、回復國籍之申請程序：依國籍法第15條第1項規定，喪失中華民國國籍者，現於中華民國領域內有住所，並具備「無不良素行，且無警察刑事紀錄證明之刑事案件紀錄」及「有相當之財產或專業技能，足以自立，或生活保障無虞」等要件，得申請回復中華民國國籍。由本人（未成年人由法定代理人）親自向國內住所地戶政事務所申請，層轉直轄市、縣（市）政府轉內政部許可。二、應備文件：申請回復國籍，應填具申請書，並檢附下列文件：合法有效之外僑居留證或外僑永久居留證。（請向住所所在地之內政部移民署服務站申請）。原屬國警察紀錄證明或其他相關證明文件：（1）向原屬國政府申請，核發日期須在申請日前6個月內，原屬國政府核發日期以後，申請人入境有再出境相當時日，經主管機關認有疑慮者，得請當事人繳交出境期間無犯罪紀錄證明。（2）申請人為我國人配偶，外僑居留證居留事由載明為「依親(夫或妻)」、未滿14歲或年滿14歲前已入國，且未再出國者，免附。相當之財產或專業技能，足以自立，或生活保障無虞之證明。(包含在國內設有戶籍且未領取生活扶助之配偶、配偶之父母或父母之收入或財產)(申請隨同回復之未成年子女或持外僑永久居留證者，得免附)，檢附下列文件之一：（1）國內之收入、納稅、動產或不動產資料（出具「所得、財產查調授權書」者，戶政機關可向財政部財政資訊中心或稅捐稽徵機關查調其各類所得及財產資料）。（2）雇主開立之聘僱證明或申請人自行以書面敘明其工作內容及所得。（3）我國政府機關核發之專門職業及技術人員或技能檢定證明文件。（證明文件，係在臺灣地區配偶、配偶之父母或父母之一所有者，該等人員並應出具足以保障申請人在國內生活無虞之擔保證明書）。（4）其他足資證明足以自立或生活保障無虞之資料。未成年人檢附法定代理人同意書。其他相關戶籍或身分證明文件（如喪失國籍許可證書影本）。最近2年內所拍攝正面彩色脫帽相片1張（同國民身分證相片規格，背面書寫姓名）。證書費新臺幣1,200元。(請以郵政匯票繳交，受款人：內政部)。※ 應繳證件係在國外作成者，應經我國駐外館處驗證及外交部複驗；其在國內由外國駐我國使領館或授權機構製作者，應經外交部驗證。文件為外文者，應檢附經駐外館處驗證及外交部複驗或國內公證人認證之中文譯本。合法有效之外僑居留證或外僑永久居留證。（請向住所所在地之內政部移民署服務站申請）。原屬國警察紀錄證明或其他相關證明文件：（1）向原屬國政府申請，核發日期須在申請日前6個月內，原屬國政府核發日期以後，申請人入境有再出境相當時日，經主管機關認有疑慮者，得請當事人繳交出境期間無犯罪紀錄證明。（2）申請人為我國人配偶，外僑居留證居留事由載明為「依親(夫或妻)」、未滿14歲或年滿14歲前已入國，且未再出國者，免附。（1）向原屬國政府申請，核發日期須在申請日前6個月內，原屬國政府核發日期以後，申請人入境有再出境相當時日，經主管機關認有疑慮者，得請當事人繳交出境期間無犯罪紀錄證明。（2）申請人為我國人配偶，外僑居留證居留事由載明為「依親(夫或妻)」、未滿14歲或年滿14歲前已入國，且未再出國者，免附。相當之財產或專業技能，足以自立，或生活保障無虞之證明。(包含在國內設有戶籍且未領取生活扶助之配偶、配偶之父母或父母之收入或財產)(申請隨同回復之未成年子女或持外僑永久居留證者，得免附)，檢附下列文件之一：（1）國內之收入、納稅、動產或不動產資料（出具「所得、財產查調授權書」者，戶政機關可向財政部財政資訊中心或稅捐稽徵機關查調其各類所得及財產資料）。（2）雇主開立之聘僱證明或申請人自行以書面敘明其工作內容及所得。（3）我國政府機關核發之專門職業及技術人員或技能檢定證明文件。（證明文件，係在臺灣地區配偶、配偶之父母或父母之一所有者，該等人員並應出具足以保障申請人在國內生活無虞之擔保證明書）。（4）其他足資證明足以自立或生活保障無虞之資料。（1）國內之收入、納稅、動產或不動產資料（出具「所得、財產查調授權書」者，戶政機關可向財政部財政資訊中心或稅捐稽徵機關查調其各類所得及財產資料）。（2）雇主開立之聘僱證明或申請人自行以書面敘明其工作內容及所得。（3）我國政府機關核發之專門職業及技術人員或技能檢定證明文件。（證明文件，係在臺灣地區配偶、配偶之父母或父母之一所有者，該等人員並應出具足以保障申請人在國內生活無虞之擔保證明書）。（4）其他足資證明足以自立或生活保障無虞之資料。未成年人檢附法定代理人同意書。其他相關戶籍或身分證明文件（如喪失國籍許可證書影本）。最近2年內所拍攝正面彩色脫帽相片1張（同國民身分證相片規格，背面書寫姓名）。證書費新臺幣1,200元。(請以郵政匯票繳交，受款人：內政部)。"
國籍類,Q7.我國國民兼具外國國籍者，如欲擔任我國公職，應如何辦理？,一、依國籍法第20條第1項規定，中華民國國民取得外國國籍者，不得擔任中華民國公職。但下列各款經該管主管機關核准者，得擔任中華民國公職：公立大學校長、公立各級學校教師兼任行政主管人員與研究機關(構)首長、副首長、研究人員（含兼任學術研究主管人員）及經各級主管教育行政或文化機關核准設立之社會教育或文化機構首長、副首長、聘任之專業人員（含兼任主管人員）。公營事業中對經營政策負有主要決策責任以外之人員。各機關專司技術研究設計工作而以契約定期聘用之非主管職務。僑務主管機關依組織法遴聘僅供諮詢之無給職委員。其他法律另有規定者。上開1至3類人員，以具有專長或特殊技能而在我國不易覓得之人才且不涉及國家機密之職務者為限。公立大學校長、公立各級學校教師兼任行政主管人員與研究機關(構)首長、副首長、研究人員（含兼任學術研究主管人員）及經各級主管教育行政或文化機關核准設立之社會教育或文化機構首長、副首長、聘任之專業人員（含兼任主管人員）。公營事業中對經營政策負有主要決策責任以外之人員。各機關專司技術研究設計工作而以契約定期聘用之非主管職務。僑務主管機關依組織法遴聘僅供諮詢之無給職委員。其他法律另有規定者。二、復依國籍法第20條第4項規定，我國國民如兼具外國國籍者，應於就(到)職前辦理放棄外國國籍，並於1年內完成喪失該國國籍及取得證明文件。另依銓敘部98年5月19日部銓五字第0983063976號函釋略以：「…考試及格分配機關占缺訓練學習人員，尚未完成考試程序，須於訓練期滿成績及格，取得考試及格證書後，始得正式任用為公務人員，爰公務人員任用法施行細則第3 條第2 項規定，具中華民國國籍兼具外國國籍，依規定應於到職前辦理放棄外國國籍者，須於到職時另行具結，並於到職之日起1 年內完成喪失該國國籍及取得證明文件，係自考試及格之次日起開始計算。」
統計類,Q1.本部編印哪些人口統計刊物？,為廣泛提供人口資料，增進其應用價值，特就戶籍登記資料加以整理統計分析，定期編印人口統計季刊、年刊等內容不同之中英文對照人口統計報告（季刊編印至104年止，105年起改以電子書登載於網站），以應政府施政及民間研究之需要。另針對調查統計，編印外籍與大陸配偶生活狀況調查（資料時間：92年10月16日）、九十歲以上人口訪查（資料時間：92年6月30日）及全國姓名統計分析等報告，供社會各界參考應用。以上人口統計季刊（104年以前）、年刊，可至各大專校院、各公立圖書館、各縣市文化中心圖書館及各戶政事務所查詢所需資料，亦可於政府出版品展售處購買（含全國姓名統計分析），或向本部戶政司洽詢（電話02-23565111）。
統計類,Q2.最新和歷年人口統計資料哪裡找？,一、請上本部戶政司全球資訊網（https://www.ris.gov.tw/），點選「人口政策及統計資料/人口資料庫/人口統計資料」查詢。內容有最新各月速報、歷月、歷年及各縣（市）戶數、人口性別、年齡、出生、死亡、結婚、離婚、遷入、遷出、原住民人數、教育程度、各鄉（鎮、市、區）戶數、人口數及各項戶籍登記等人口統計資料。二、至於全國各村（里）戶籍人口統計月報表等人口統計資料，可上內政資料開放平臺OPEN DATA網站（https://data.moi.gov.tw/MoiOD/default/Index.aspx），點選「資料集/單位/戶政司」查詢，或可直接至各戶政事務所網站查詢該鄉（鎮、市、區）或村（里）各項統計資料。
統計類,Q3.如何申購人口統計資料？,一、一般民眾、學校、研究機構、民間企業或團體等申購各種人口統計資料或刊物，請先上本部戶政司全球資訊網（https://www.ris.gov.tw/），點選「人口政策及統計資料/人口資料庫/人口統計資料/D其他人口統計/02人口資料申請」，查閱相關申請須知及下載附件「人口統計資料申請單」，填妥申請單後逕洽本部戶政司申請，申請核准後於3日內提供資料。二、資料申請方式（二擇一）：（一）親洽購買：洽詢承辦人員（電話02-23565111）後，攜帶人口統計資料申請單及足額規費至戶政司購買。（二）郵寄購買：填妥人口統計資料申請單及購買足額郵政匯票（受款人名稱：內政部）後，郵寄至本部戶政司地址（臺北市中正區徐州路5號），由承辦人員通知後續事宜。（一）親洽購買：洽詢承辦人員（電話02-23565111）後，攜帶人口統計資料申請單及足額規費至戶政司購買。（二）郵寄購買：填妥人口統計資料申請單及購買足額郵政匯票（受款人名稱：內政部）後，郵寄至本部戶政司地址（臺北市中正區徐州路5號），由承辦人員通知後續事宜。
統計類,Q4.申請人口統計資料需要付規費嗎？,"依戶籍法第69條規定：「人民依本法請領國民身分證、戶口名簿、戶籍謄本、結婚證明書、離婚證明書、婚姻紀錄證明書、遷徙紀錄證明書、姓名更改紀錄證明書、戶籍檔案原始資料影本、親等關聯資料、戶口統計資料、申請閱覽戶籍資料，應繳納規費；其收費標準，由中央主管機關定之。」另依「戶政規費收費標準」第5條規定，戶政機關提供戶口統計資料，每張收費新臺幣（以下同）10元，提供電子資料檔之收費依資料量核計收費（不足50MB者，收費1,000元；50MB至不足100MB者，收費1,500元；100MB至不足500MB者，收費2,500元；500MB以上者，收費3,500元）。另公私立學校申請戶口統計資料供教學研究、教育宣導或學生撰寫論文者，出具學校公文、證明，得折半收費；政府機關及民意機關為業務需要申請者，免收規費。"
統計類,Q5.辦理教育程度查記原因為何？民眾如何自行辦理教育程度註記？,一、教育程度統計主要在瞭解一國人民之教育水準及人口素質，並作為政府釐訂教育政策與措施，人力培育與訓練，以及人力資源規劃與運用之重要依據。依戶籍法第72條規定：「各級主管機關及戶政事務所應查記15歲以上人口之教育程度。」為加強教育程度查記作業，及推廣自然人憑證之應用，本部於96年8月31日建置完成「教育程度查詢作業」及「教育程度申請作業」，提供民眾查詢及申辦個人在戶籍上之教育程度資料，以提高戶籍教育程度統計資料之正確性。二、依教育程度查記作業要點第6點規定，教育程度資料蒐集方式共有4種，包括由學校以教育程度通報系統通報畢（結）業生及新生教育程度；或當事人以書面、言詞或以自然人憑證申請；或戶政人員口頭查詢；或本部函請相關機關提供。因此，民眾欲辦理教育程度註記，可至戶政事務所臨櫃辦理，或以自然人憑證ＩＣ卡上網至本部戶政司全球資訊網（https://www.ris.gov.tw/）之「網路申辦服務」點選「教育程度查詢及申請/教育程度申請作業」，並依網頁指示步驟選擇戶籍所在地、輸入國民身分證統一編號及自然人憑證ＩＣ卡密碼，確認身分無誤後即可申辦教育程度註記。
統計類,Q6.戶口普查內容為何？現在是由哪個機關主辦？,一、 戶口普查係指全國在指定時刻靜態下之人口及住宅普遍查記。其周期為每10年舉辦一次，並得分項單獨舉辦或合併數項同時舉辦。普查項目包括：人口部分，如人口基本特徵、健康狀況、經濟活動狀況、工作或求學地點等問項，及住宅部分，如居住處所區分、建築類型、是否有人居住、及住宅基本特徵等問項。戶口普查始自日據時期第一次臨時戶口調查（民國前7年）及第二次臨時戶口調查（民國4年）及五次國勢調查（民國9年、14年、19年、24年、29年）；臺灣光復後，於民國45年、55年、69年、79年、89年及99年辦理戶口及住宅普查，並於民國59年及64年辦理戶口及住宅普查抽樣調查。二、戶口普查主辦機關：79年以前戶口普查主辦機關為內政部，因86年修正戶籍法，及88年戶口普查法廢止後，89年及99年戶口及住宅普查，依統計法規定，改由行政院主計總處主辦。
統計類,Q7.目前有無統計行職業人口數資料？,戶籍法於86年修正公布後，已取消行職業登記，故本部已不再編製行職業人口數統計；該項資料請至行政院勞工委員會或行政院主計總處網站查詢。
系統設定,"Q01.為何出現""伺服器忙碌中，請稍候再試""的訊息？",原因可能為網路申辦伺服器正進行多筆網路申辦或驗證交易，或內政部、您戶籍地所在之戶政事務所戶役政電腦主機正忙碌，無法提供資料，也請稍候再試。
系統設定,"Q02.出現錯誤訊息 ""Input_Error_Card_Pin_IC 智慧卡已鎖碼無法開啟。"" 應如何處理？","為維護IC卡持有人權益，系統會檢查使用者輸入的IC卡密碼，若檢核失敗超過三次，系統將出示 ""Input_Error_Card_Pin_IC 智慧卡已鎖碼無法開啟。"" 的訊息並鎖卡，被鎖卡的IC卡將暫時無法在任何系統上使用。使用者若要解除鎖卡，請連線到「內政部憑證管理中心」網站解除鎖定。"
系統設定,"Q03.出現錯誤訊息 ""身分證號碼與自然人憑證IC卡不符合。"" 應如何處理？",為維護IC卡持有人權益，本系統僅提供與IC卡持有人直接相關的戶役政資料，故系統會比對使用者輸入的身分證號碼與IC卡是否相符，請再次確認身分證字號、自然人憑證IC卡與申辦人身分。
系統設定,"Q04.出現錯誤訊息 ""「ER0120密碼驗證失敗」"" 應如何處理？",這表示您輸入的ＩＣ卡密碼有誤，請確認您輸入的是正確的密碼。
系統設定,"Q05.出現錯誤訊息 ""「RE0006作業執行錯誤」"" 應如何處理？",這個訊息表示主機正在維護當中，請稍後再執行申辦作業。
系統設定,Q06.我的自然人憑證過期了，要如何處理？,內政部於92年4月30日起開始正式核發自然人憑證，並依「政府機關公開金鑰基礎建設憑證政策」規定憑證效期為5年。因此，自 97年4月30日起將陸續出現5年有效期限屆滿情形；為確保憑證使用安全及提昇便民服務，本部已於本﹝97﹞年1月2日奉行政院核定：自然人憑證於本﹝97﹞年度陸續到期者，可辦理展期3年。辦理方式為效期屆滿前60天可上網或赴全國任一戶政事務所臨櫃辦理展期，效期屆滿後3年只能臨櫃辦理展期。相關展期作業規定及操作步驟，詳見MOICA內政部憑證管理中心網站。
國民身分證掛失暨撤銷掛失申請作業,Q01.我該如何使用自然人憑證申請國民身分證掛失或撤銷掛失？,一、使用本網路申請國民身分證掛失或撤銷掛失，為了身分認證，需持憑自然人憑證始得使用，相關申辦資訊，請逕至內政部憑證管理中 心網站（http://moica.nat.gov.tw/）查詢。二、現無自然人憑證者，可於上班時間親臨全國任一戶政事務所或以電話向戶籍地戶政事務所申請掛失或撤銷掛失。
國民身分證掛失暨撤銷掛失申請作業,Q02.我可以隨時以自然人憑證上網申請國民身分證掛失或撤銷掛失嗎？,可以，本系統24小時全天開放全年無休，提供民眾快速便捷且安全無虞的掛失管道。掛失或撤銷掛失。
國民身分證掛失暨撤銷掛失申請作業,Q03.使用自然人憑證申請國民身分證掛失或撤銷掛失需要付規費嗎？,目前申請國民身分證掛失或撤銷掛失均不需要支付規費。
國民身分證掛失暨撤銷掛失申請作業,Q04.何謂PINCODE？,使用本網站申請國民身分證掛失或撤銷掛失，為了身分認證，須持憑自然人憑證始得使用，相關申辦資訊，請逕至內政部憑證管理中心網站（http://moica.nat.gov.tw/）查詢。「PIN CODE」（Personal identification number code）為個人身分確認碼，即本人之自然人憑證密碼。
國民身分證掛失暨撤銷掛失申請作業,Q05.於申請過程中，出現訊息：「ER0175 身分證號碼與自然人憑證IC卡不符合」，應如何處理？,為維護IC卡持有人權益，本系統僅提供與IC卡持有人直接相關的戶役政資料，故於申辦過程中系統會比對使用者輸入的身分證號碼與IC 卡是否相符，若不相符，則列示「ER0175 身分證號碼與自然人憑證IC卡不符合。」訊息。請再次確認所輸入之國民身分證統一編號與自然人憑證IC卡。
國民身分證掛失暨撤銷掛失申請作業,Q06.於申請過程中，出現訊息：「Input_Error_Card_Pin_IC 智慧卡已鎖碼無法開啟」，應如何處理？,為維護IC卡持有人權益，於申辦過程中系統會檢查使用者輸入的IC卡密碼，若檢核失敗達三次，系統將出示「Input_Error_Card_Pin_IC智慧卡已鎖碼無法開啟。」訊息並執行鎖卡。被鎖卡的IC卡將暫時無法在任何系統上使用。可連線到「內政部憑證管理中心網站」〈http://moica.nat.gov.tw〉解除鎖定。
國民身分證掛失暨撤銷掛失申請作業,Q08.國民身分證掛失暨撤銷掛失公告資訊,有關掛失及撤銷掛失國民身分證，目前有三種申請方式：撥打1996內政服務熱線：於上班時間撥打1996內政服務熱線辦理掛失（或撤銷掛失）國民身分證。於非上班時間撥打1996內政服務熱線辦理掛失國民身分證，至於撤銷掛失國民身分證，為保障民眾權益，則請於翌日上班時間親自或以電話向任一戶政事務所辦理撤銷掛失。以自然人憑證於內政部戶政司網頁(https://www.ris.gov.tw/)申請掛失（或撤銷掛失）國民身分證。 於上班時間親自或以電話向任一戶政事務所辦理掛失（或撤銷掛失）國民身分證。撥打1996內政服務熱線：於上班時間撥打1996內政服務熱線辦理掛失（或撤銷掛失）國民身分證。於非上班時間撥打1996內政服務熱線辦理掛失國民身分證，至於撤銷掛失國民身分證，為保障民眾權益，則請於翌日上班時間親自或以電話向任一戶政事務所辦理撤銷掛失。以自然人憑證於內政部戶政司網頁(https://www.ris.gov.tw/)申請掛失（或撤銷掛失）國民身分證。於上班時間親自或以電話向任一戶政事務所辦理掛失（或撤銷掛失）國民身分證。
電子戶籍謄本申辦及驗證作業,Q01. 申辦電子戶籍謄本時，出現「PE1121 簽章驗證失敗，用戶端所使用的憑證不是由MOICA所發行。」的訊息該如何處理？,請改用由內政部憑證管理中心(MOICA)所正式簽發之自然人憑證IC卡申請。
電子戶籍謄本申辦及驗證作業,Q02. 本人已進入戶政網路申辦服務系統，並輸入身分證字號、密碼等，但按確定鍵後仍停留在原申辦畫面，並且左下角顯示分頁項目錯誤，請問該如何處理？,這表示您先前所輸入的戶籍所在地戶所資料庫找不到您的資料，請先確認您正確的戶籍所在地後再重新申辦。
電子戶籍謄本申辦及驗證作業,Q03. 我已於電子戶籍謄本申辦畫面輸入所有資料，卻出現「RS2007資料不存在」的訊息，請問這是什麼意思？,請先確認戶籍所在地之選擇是否符合實際戶籍地址，再行申請。
電子戶籍謄本申辦及驗證作業,Q04. 申請現戶全戶電子戶籍謄本申辦作業時，出現「RE0006、RS3004」是什麼意思？,這表示您的戶籍資料所在之戶所網路申辦伺服器發生系統異常，請稍後再試；如再次申辦仍無法執行成功時，請儘速洽內政部服務熱線1996告知您的戶籍所在地之縣市及鄉鎮市區名稱，我們將立即檢查戶役政電腦主機相關線路問題。
電子戶籍謄本申辦及驗證作業,Q05. 可否線上申請父親（父母不同戶籍）的戶籍謄本？,按現行線上申辦戶籍謄本，僅得請領申請人之全戶戶籍謄本或同一戶內之部分人口戶籍謄本，如非設籍同戶，則須持國民身分證正本逕向戶政事務所申請。
電子戶籍謄本申辦及驗證作業,Q06. 電子戶籍謄本網站之申請是否有限制申請對象？意即是否只能申請本人之戶籍謄本，或者也可以申請其他利害關係人之謄本。,有關網路申請電子戶籍謄本是否有限制申請對象一事，查戶籍法第65條第1款規定：「本人或利害關係人得向戶政事務所申請閱覽戶籍 資料或交付謄本。」上開利害關係人範圍係屬事實認定，須由戶政事務所人員確認相關證明文件。而現行網路申領戶籍謄本，僅能透過自然人憑證確認當事者身分， 無法檢驗相關證明文件，故僅得請領申請人之全戶戶籍謄本或同一戶內之部分人口戶籍謄本，如非設籍同戶，則須持國民身分證正本逕向戶政事務所申請。
電子戶籍謄本申辦及驗證作業,Q07. 為何當我點選「內政部戶政司全球資訊網」網頁所提供之「網路申辦」連結時，會出現無法連線的異常狀況？而點選其他項目例如「統計資料」時則可以查詢？,這是由於系統因資訊安全考量封鎖部分網段之連線需求，因此造成極少數使用者無法正常進入系統網頁；請提供申辦作業執行時您所使用之個人電腦對外實體 IP位址，我們將儘速為您排除問題。
教育程度查詢及申請作業,Q01. 我可以隨時上網查詢教育程度嗎？,由於戶籍教育程度資料是經由民眾戶籍所在地的戶政事務所傳送，因此，查詢戶籍教育程度的時間必須是在戶政事務所上班時間，為每日8:30－17:00。
教育程度查詢及申請作業,Q02. 我該如何上網查詢教育程度？,請利用具Windows作業環境及搭配自然人憑證ＩＣ卡相容讀卡機之個人電腦，上網至「內政部戶政司全球資訊網」網站（https://www.ris.gov.tw）點選「網路申辦」連結至本網站，選擇申辦項目後，於讀卡機置入當事人之自然人憑證ＩＣ卡，並依網頁指示步驟選擇戶籍所在地、輸入身分證統一編號及自然人憑證ＩＣ卡密碼，確認身分無誤後即可查詢您的教育程度
教育程度查詢及申請作業,Q03. 我可以隨時上網申辦教育程度嗎？,可以，教育程度註記查詢及申請作業系統24小時全天開放全年無休，提供民眾快速便捷且安全無虞的申請管道。
教育程度查詢及申請作業,Q04. 我該如何上網申辦教育程度？,請利用具Windows作業環境及搭配自然人憑證ＩＣ卡相容讀卡機之個人電腦，上網至「內政部戶政司全球資訊網」網站（https://www.ris.gov.tw）點選「網路申辦」連結至本網站，選擇申辦項目後，於讀卡機置入申請者自然人憑證ＩＣ卡，並依網頁指示步驟選擇戶籍所在地、輸入身分證統一編號及自然人憑證ＩＣ卡密碼，確認身分無誤後即可申辦您的教育程度。
教育程度查詢及申請作業,Q05. 上網申請查詢及申辦教育程度需要付規費嗎？,目前查詢及申辦教育程度註記均不需要支付規費。
指定送達地址申請作業,Q01. 辦理指定送達地址目的為何？,為落實簡政便民，提升服務品質，戶政機關行政處分或告知單等文件之送達，應優先寄送民眾指定送達地址，無法送達或未指定時，依行政程序法送達規定辦理，爰提供本項申辦服務。
指定送達地址申請作業,Q02. 我可以隨時上網申辦指定送達地址嗎？,可以，本系統全年無休24小時全天開放，提供民眾快速便捷且安全無虞的申請管道，亦可以到各戶政事務所提憑身分證明文件，臨櫃申辦。
指定送達地址申請作業,Q03. 我該如何申辦指定送達地址呢？,請利用具自然人憑證ＩＣ卡相容讀卡機之個人電腦上網至「內政部戶政司全球資訊網」網站（https://www.ris.gov.tw），點選「網路申辦」連結至本網站，選擇申辦項目後，於讀卡機置入申請者自然人憑證ＩＣ卡，並依網頁指示步驟輸入身分證統一編號及自然人憑證ＩＣ卡密碼，確認身分無誤後即可申辦您的指定送達地址。
指定送達地址申請作業,Q04. 申辦指定送達地址需要付規費嗎？,目前查詢及申辦指定送達地址均不需要支付規費。
指定送達地址申請作業,Q05. 網路申辦失敗時向何處連絡洽詢？,申辦失敗時，請重行檢視申請系統作業程序與各項設定是否無誤，並參考Ｑ＆Ａ問題與說明，若有任何疑問歡迎E-MAIL到聯絡我們信箱，待收到您的問題將竭誠為您服務。
